{
  "selectedModel": {
    "version": 1,
    "modelType": "ridge",
    "features": [
      "boardSize",
      "rowsAndColumnsRequiredSumAvg",
      "rowsAndColumnsRequiredSumRms",
      "rowsAndColumnsValuesRmsAvg",
      "rowsAndColumnsValuesRmsRms",
      "rowsAndColumnsRequiredRatioAvg",
      "rowsAndColumnsRequiredRatioRms",
      "rowsAndColumnsRequiredSumMin",
      "rowsAndColumnsRequiredSumMax",
      "rowsAndColumnsValuesRmsMin",
      "rowsAndColumnsValuesRmsMax",
      "rowsAndColumnsRequiredRatioMin",
      "rowsAndColumnsRequiredRatioMax",
      "groupsRequiredSumAvg",
      "groupsRequiredSumRms",
      "groupsValuesRmsAvg",
      "groupsValuesRmsRms",
      "groupsRequiredRatioAvg",
      "groupsRequiredRatioRms",
      "groupsRequiredSumMin",
      "groupsRequiredSumMax",
      "groupsValuesRmsMin",
      "groupsValuesRmsMax",
      "groupsRequiredRatioMin",
      "groupsRequiredRatioMax"
    ],
    "lambda": 0.1,
    "transform": "log1p",
    "featureMeans": [
      6.933333333333334,
      14.209894179894178,
      15.928730065568747,
      5.418143330231593,
      5.499753752679147,
      0.050717108714609126,
      0.056448145268765466,
      14.209894179894178,
      15.928730065568747,
      5.418143330231593,
      5.499753752679147,
      0.050717108714609126,
      0.056448145268765466,
      14.209894179894178,
      15.6848613424479,
      5.435715146542473,
      5.4997537526791485,
      0.050468753322172606,
      0.05640419871378752,
      14.209894179894178,
      15.6848613424479,
      5.435715146542473,
      5.4997537526791485,
      0.050468753322172606,
      0.05640419871378752
    ],
    "featureStds": [
      1.3888444437333107,
      3.8206397194293586,
      3.9994811542920483,
      0.4892584223619786,
      0.46335035689172677,
      0.01964264874724619,
      0.022767040587406976,
      3.8206397194293586,
      3.9994811542920483,
      0.4892584223619786,
      0.46335035689172677,
      0.01964264874724619,
      0.022767040587406976,
      3.8206397194293586,
      3.8218589913371788,
      0.47528642214146605,
      0.46335035689172693,
      0.016287346475652074,
      0.021250871656411343,
      3.8206397194293586,
      3.8218589913371788,
      0.47528642214146605,
      0.46335035689172693,
      0.016287346475652074,
      0.021250871656411343
    ],
    "weights": [
      12.385429153117954,
      1.014948834289546,
      0.2646996487389739,
      -0.3927906793408213,
      0.15430983138677398,
      0.1386800264361244,
      -0.35573873739547246,
      0.3413293674364947,
      0.2646996487389791,
      -0.3927906793408211,
      0.15430983138677712,
      0.13868002643612543,
      -0.3557387373954723,
      0.34132936743649284,
      0.2646996487389792,
      -0.08609279137775752,
      -0.45843330948292244,
      0.13868002643618718,
      0.11142673827956003,
      -0.05552851785885571,
      0.2646996487389792,
      -0.08609279137775755,
      -0.4584333094829223,
      0.13868002643618718,
      0.11142673827955979,
      -0.055528517858855736
    ],
    "perSizeMeans": {},
    "globalMean": 388297.13333333336
  },
  "metrics": {
    "rmse": 503052.368193564,
    "mae": 260865.38778710496,
    "r2": 0.4595569602263948
  },
  "perSizeRmse": {
    "5": 25244.78406965832,
    "6": 8774.79513731366,
    "7": 35165.040972732124,
    "8": 883377.331439473,
    "9": 698908.5972930397
  },
  "baseline": {
    "model": {
      "version": 1,
      "modelType": "baseline",
      "features": [
        "boardSize",
        "rowsAndColumnsRequiredSumAvg",
        "rowsAndColumnsRequiredSumRms",
        "rowsAndColumnsValuesRmsAvg",
        "rowsAndColumnsValuesRmsRms",
        "rowsAndColumnsRequiredRatioAvg",
        "rowsAndColumnsRequiredRatioRms",
        "rowsAndColumnsRequiredSumMin",
        "rowsAndColumnsRequiredSumMax",
        "rowsAndColumnsValuesRmsMin",
        "rowsAndColumnsValuesRmsMax",
        "rowsAndColumnsRequiredRatioMin",
        "rowsAndColumnsRequiredRatioMax",
        "groupsRequiredSumAvg",
        "groupsRequiredSumRms",
        "groupsValuesRmsAvg",
        "groupsValuesRmsRms",
        "groupsRequiredRatioAvg",
        "groupsRequiredRatioRms",
        "groupsRequiredSumMin",
        "groupsRequiredSumMax",
        "groupsValuesRmsMin",
        "groupsValuesRmsMax",
        "groupsRequiredRatioMin",
        "groupsRequiredRatioMax"
      ],
      "perSizeMeans": {
        "5": 59483.333333333336,
        "6": 130186,
        "7": 293046.5,
        "8": 500333.5,
        "9": 1027532
      },
      "globalMean": 388297.13333333336
    },
    "metrics": {
      "rmse": 552496.6788550745,
      "mae": 284220.46078431373,
      "r2": 0.3480971557659799
    },
    "perSizeRmse": {
      "5": 34470.245305835066,
      "6": 41185.62213928545,
      "7": 82971.35615831526,
      "8": 1036971.7022527262,
      "9": 694113.2085335576
    }
  },
  "ridgeCandidates": [
    {
      "model": {
        "modelType": "ridge",
        "lambda": 0.1,
        "transform": "log1p"
      },
      "metrics": {
        "rmse": 503052.368193564,
        "mae": 260865.38778710496,
        "r2": 0.4595569602263948
      }
    },
    {
      "model": {
        "modelType": "ridge",
        "lambda": 1,
        "transform": "log1p"
      },
      "metrics": {
        "rmse": 508135.89718612033,
        "mae": 218437.83934718036,
        "r2": 0.4485790200899079
      }
    },
    {
      "model": {
        "modelType": "ridge",
        "lambda": 1,
        "transform": "none"
      },
      "metrics": {
        "rmse": 570505.6897591572,
        "mae": 354657.90021129604,
        "r2": 0.30490607558033056
      }
    },
    {
      "model": {
        "modelType": "ridge",
        "lambda": 0.1,
        "transform": "none"
      },
      "metrics": {
        "rmse": 578515.5910726911,
        "mae": 388940.10324767296,
        "r2": 0.2852508166242895
      }
    },
    {
      "model": {
        "modelType": "ridge",
        "lambda": 0.01,
        "transform": "log1p"
      },
      "metrics": {
        "rmse": 606834.2536145188,
        "mae": 383105.343026476,
        "r2": 0.21356341855084682
      }
    },
    {
      "model": {
        "modelType": "ridge",
        "lambda": 0.01,
        "transform": "none"
      },
      "metrics": {
        "rmse": 655886.1309916856,
        "mae": 475807.62602001993,
        "r2": 0.0812858029666409
      }
    },
    {
      "model": {
        "modelType": "ridge",
        "lambda": 0.001,
        "transform": "log1p"
      },
      "metrics": {
        "rmse": 693526.2994758618,
        "mae": 446683.26823830046,
        "r2": -0.02718673398788174
      }
    },
    {
      "model": {
        "modelType": "ridge",
        "lambda": 0.0001,
        "transform": "log1p"
      },
      "metrics": {
        "rmse": 706923.3897884898,
        "mae": 452425.8679275276,
        "r2": -0.06725509046780398
      }
    },
    {
      "model": {
        "modelType": "ridge",
        "lambda": 0,
        "transform": "none"
      },
      "metrics": {
        "rmse": 740596.1192886392,
        "mae": 612374.6791767626,
        "r2": -0.17134923001517133
      }
    },
    {
      "model": {
        "modelType": "ridge",
        "lambda": 0.001,
        "transform": "none"
      },
      "metrics": {
        "rmse": 746462.8320437109,
        "mae": 545563.2505290379,
        "r2": -0.18998067518665462
      }
    },
    {
      "model": {
        "modelType": "ridge",
        "lambda": 0.0001,
        "transform": "none"
      },
      "metrics": {
        "rmse": 772349.5230082284,
        "mae": 566699.5744100092,
        "r2": -0.27394681597574033
      }
    },
    {
      "model": {
        "modelType": "ridge",
        "lambda": 0,
        "transform": "log1p"
      },
      "metrics": {
        "rmse": 1545124.3876555406,
        "mae": 785630.5828939946,
        "r2": -4.098593958090719
      }
    }
  ],
  "predictionForGame27": 1334919.6133452314
}