{
  "version": 1,
  "modelType": "ridge",
  "features": [
    "boardSize",
    "firstIterationUnusableCellCountVsGoalAllSum",
    "deductionIterations",
    "percentUnresolvedCellsAfterDeduction",
    "percentUnresolvedCellsAfterDeductionI2",
    "gameDateAsPercent",
    "percentUnresolvedCellsAfterDeductionI4",
    "percentUnresolvedCellsAfterDeductionI5",
    "goalSumAllMean",
    "goalSumAllMax",
    "firstIterationActionableCellAllCountMin",
    "cellCountLargerThanTargetAllStd",
    "firstIterationUnusableCellCountVsGoalAllStd",
    "goalSumAllStd",
    "firstIterationGuaranteedRequiredCellCountMax",
    "firstIterationFalsePositiveSolutionCountAllMin",
    "firstIterationGuaranteedRequiredCellCountStd",
    "firstIterationUnusableCellCountVsGoalAllMax",
    "cellCountLargerThanTargetAllSum",
    "firstIterationRequiredCellCountVsGoalAllStd"
  ],
  "lambda": 10,
  "transform": "log1p",
  "featureMeans": [
    0.436612364243944,
    5.911867557551046,
    2.132553606237817,
    0.023207560224291865,
    0.09192921401829086,
    0.5979633623338948,
    0.009241210020937116,
    0.0012032825548095206,
    2.03893139024074,
    4.068907608527489,
    0.007732293697205979,
    0.16931165351043978,
    0.6096326554443776,
    0.9850067622905273,
    0.4328645688294813,
    0.0024518762183235866,
    0.12278963022606705,
    2.4638972167997975,
    0.5860469073919368,
    0.09864121091577423
  ],
  "featureStds": [
    0.3397068119715881,
    4.878676003441936,
    0.9882214267344044,
    0.13883060606698658,
    0.2064296775478458,
    0.2621590833008158,
    0.0741513675212559,
    0.02564244531248515,
    0.4310545742079119,
    0.8052858999833358,
    0.04228157599752741,
    0.07991454162156685,
    0.47316017232360597,
    0.2205265011376019,
    0.2795803940559654,
    0.004662581678980283,
    0.08141465597924037,
    1.975477986050938,
    0.4233668883556069,
    0.08640565314890258
  ],
  "weights": [
    12.047285616556795,
    0.7264248581283688,
    -0.07259065463285627,
    0.13014919884007767,
    0.12104099753012498,
    0.036246391259162965,
    -0.1174154642205506,
    -0.05369587561247461,
    0.0485145360046784,
    0.08557308625358821,
    -0.02129840891018129,
    0.0057478722989568465,
    -0.18093547610969185,
    0.03278984735354583,
    -0.003938106679170822,
    0.06093456937661831,
    0.05793238712487605,
    -0.08732954943837562,
    0.0471799002985015,
    -0.007009872028419313,
    -0.00044962715975735456
  ],
  "perSizeMeans": {},
  "globalMean": 325903.2202729045
}