{
  "version": 1,
  "modelType": "ridge",
  "features": [
    "percentUnresolvedCellsAfterDeductionI2",
    "goalSumAllMean",
    "gameDateAsPercent",
    "breaksMinutes",
    "firstIterationUnusableCellCountVsGoalAllMean",
    "cellCountLargerThanTargetAllStd",
    "firstIterationUnusableCellCountVsGoalAllSum",
    "cellCountLargerThanTargetAllMax",
    "goalSumAllStd",
    "goalSumAllMax",
    "firstIterationGuaranteedRequiredCellCountMax",
    "percentUnresolvedCellsAfterDeductionI4",
    "firstIterationGuaranteedRequiredCellCountSum",
    "firstIterationGuaranteedUnusableCellCountAllStd",
    "firstIterationRequiredCellCountVsGoalAllMean",
    "firstIterationUnusableCellCountVsGoalAllStd",
    "firstIterationActionableCellAllCountMax",
    "firstIterationActionableCellAllCountSum",
    "deductionIterations",
    "percentUnresolvedCellsAfterDeduction",
    "firstIterationFalsePositiveSolutionCountAllSum",
    "percentUnresolvedCellsAfterDeductionI5",
    "firstIterationGuaranteedUnusableCellCountAllMax",
    "firstIterationUnusableCellCountVsGoalAllMax"
  ],
  "lambda": 0.00001,
  "transform": "log1p",
  "featureMeans": [
    0.10174682747878692,
    2.0468327167727765,
    0.5899997010723649,
    2.35441984932862,
    0.2951240084067156,
    0.1691767049342068,
    5.88704347281976,
    0.5830465519541148,
    0.9905913352398182,
    4.0748821750922595,
    0.4319183228847094,
    0.009094996023100599,
    0.509450817363983,
    0.21579578895960289,
    0.05468851635724578,
    0.6028737571455806,
    0.8711929216130897,
    1.6357928356527793,
    2.134453781512605,
    0.02964843344745305,
    0.22998001283846878,
    0.001729086696406958,
    0.7087857365168303,
    2.4501175647927016
  ],
  "featureStds": [
    0.22358209496190826,
    0.44248836576908257,
    0.2621303830038698,
    11.87781007413919,
    0.24380898142534313,
    0.07879624318824234,
    4.922532674008554,
    0.23458863242596817,
    0.22801025603769123,
    0.8126647637027046,
    0.28424329774732987,
    0.07521583572908132,
    0.45155990920427347,
    0.07132010214452902,
    0.05407993052835572,
    0.46905823177009,
    0.20802307470622816,
    0.8644506475362019,
    1.0283736834136723,
    0.15921712205590313,
    0.05359449096769626,
    0.030723802822011665,
    0.18107973723822746,
    1.988007724218977
  ],
  "weights": [
    12.140514675806076,
    0.2314792049113202,
    0.1306467867434822,
    -0.09774069092521924,
    0.06349988589146047,
    -1.2479990608750844,
    -0.08632203876809762,
    1.4663550578043667,
    0.02263479967151058,
    0.12415188894641492,
    -0.05400782185559333,
    0.059405725832674824,
    -0.06694117384935233,
    -0.33603140415124355,
    -0.22387119431023977,
    0.19913203749497002,
    -0.42816455930922087,
    -0.03837830837926837,
    -0.2950295414188743,
    0.16232826080514684,
    0.12470244362231137,
    -0.0637634716222714,
    0.04418888565253354,
    0.06789419792074816,
    0.2224808527508741
  ],
  "perSizeMeans": {},
  "globalMean": 364241.8963585434
}