{
  "version": 1,
  "modelType": "ridge",
  "features": [
    "boardSize",
    "firstIterationFalsePositiveSolutionCountAllMin",
    "firstIterationGuaranteedRequiredCellCountMax",
    "firstIterationGuaranteedRequiredCellCountStd",
    "firstIterationGuaranteedUnusableCellCountAllMax",
    "firstIterationGuaranteedUnusableCellCountAllStd",
    "firstIterationActionableCellCountMax",
    "firstIterationActionableCellCountStd"
  ],
  "lambda": 10,
  "transform": "log1p",
  "featureMeans": [
    7.072072072072072,
    0.5765765765765766,
    2.7117117117117115,
    0.7508339202097888,
    4.936936936936937,
    1.4747852565433694,
    5.990990990990991,
    1.795852517089472
  ],
  "featureStds": [
    1.399560495438194,
    1.0530911132398162,
    1.8472642903307872,
    0.49974738589749684,
    1.5143712713117616,
    0.47475956233612165,
    1.479563458235524,
    0.4763659913138704
  ],
  "weights": [
    12.338520929869748,
    0.6710938500529162,
    0.2794915694171059,
    0.013747399065880272,
    -0.04090487115850434,
    0.12160265462761381,
    -0.21401334118913085,
    0.16962942081585597,
    -0.14222806510972652
  ],
  "perSizeMeans": {},
  "globalMean": 416380.3873873874
}