{
  "version": 1,
  "modelType": "ridge",
  "features": [
    "boardSize",
    "allExactCombinationCountMin",
    "allExactCombinationCountMax",
    "allExactCombinationCountStd",
    "allAlwaysRequiredCountMax",
    "allAlwaysRequiredCountStd",
    "allNeverUsedCountMax",
    "allNeverUsedCountStd"
  ],
  "lambda": 0.1,
  "transform": "log1p",
  "featureMeans": [
    6.9,
    1.35,
    12.45,
    2.882977764921063,
    2.65,
    0.7410708036517943,
    5.25,
    1.625542169714734
  ],
  "featureStds": [
    1.260952021291849,
    0.7262919523166975,
    7.716702663702937,
    1.7978802871558495,
    1.8513508581573617,
    0.44546212530467244,
    1.1346805717910218,
    0.3543303056678051
  ],
  "weights": [
    12.232629947553688,
    0.6834731747180465,
    0.13065953720436935,
    0.31143433517929314,
    -0.1495220712908521,
    0.040527775962447034,
    0.06990320773411647,
    0.03133640552799677,
    -0.09003845787140399
  ],
  "perSizeMeans": {},
  "globalMean": 319929.9
}