{
  "version": 1,
  "modelType": "ridge",
  "features": [
    "boardSize",
    "firstIterationFalsePositiveSolutionCountAllMin",
    "firstIterationGuaranteedRequiredCellCountMax",
    "firstIterationGuaranteedRequiredCellCountStd",
    "firstIterationGuaranteedRequiredCellCountSum",
    "firstIterationGuaranteedUnusableCellCountAllMax",
    "firstIterationGuaranteedUnusableCellCountAllStd",
    "firstIterationGuaranteedUnusableCellCountAllSum",
    "firstIterationRequiredCellCountVsGoalAllMean",
    "firstIterationRequiredCellCountVsGoalAllStd",
    "firstIterationUnusableCellCountVsGoalAllMean",
    "firstIterationUnusableCellCountVsGoalAllStd",
    "firstIterationUnusableCellCountVsGoalAllSum",
    "firstIterationActionableCellAllCountMax",
    "firstIterationActionableCellAllCountStd",
    "firstIterationActionableCellAllCountSum",
    "goalSumAllMean",
    "goalSumAllStd",
    "cellCountLargerThanTargetAllSum",
    "deductionIterations",
    "percentUnresolvedCellsAfterDeduction",
    "percentUnresolvedCellsAfterDeductionI1",
    "percentUnresolvedCellsAfterDeductionI2",
    "autoCompleteWasAvailable",
    "gameDateAsPercent"
  ],
  "lambda": 1,
  "transform": "log1p",
  "featureMeans": [
    0.4767267267267267,
    0.002146677927927928,
    0.4337849754516421,
    0.12354666458562427,
    0.5189618189618194,
    0.7136302969636316,
    0.21817016167156805,
    1.1435344074232956,
    0.056173250331042944,
    0.09727624308021489,
    0.30001034161023177,
    0.6050105617067162,
    5.942741019518102,
    0.8776216692883358,
    0.2705309678197939,
    1.6624962263851155,
    2.042170647121045,
    0.9919833668026701,
    0.5947129669351895,
    2.12012012012012,
    0.02919006969932895,
    0.2877421355595959,
    0.0992211386556625,
    0.6336336336336337,
    0.6187218438101926
  ],
  "featureStds": [
    0.34715545985870105,
    0.004089254581055474,
    0.28419262616378654,
    0.08325102326252837,
    0.454010863116087,
    0.17769912571725,
    0.07097965946248172,
    0.609695003568572,
    0.05503186361933045,
    0.0831253336962694,
    0.2463074282685948,
    0.46390985176526317,
    4.942667968049088,
    0.2018924981569173,
    0.08536281952061918,
    0.8724284709223155,
    0.4452949936769782,
    0.23317921119800208,
    0.4227901397672034,
    1.0240284272447655,
    0.1581919519452623,
    0.2914365594001612,
    0.22207335652109023,
    0.48181122025319223,
    0.27556401322722907
  ],
  "weights": [
    12.107662682405415,
    0.7414272215732947,
    0.04219058705942113,
    0.007100312613729764,
    -0.004808488051130249,
    -0.009323732783154978,
    -0.014762420798308005,
    -0.0874209808884729,
    -0.02848602127844883,
    0.021173528020486877,
    0.012088736780649562,
    -0.10718656064771138,
    0.01970931166636767,
    0.08321498306792817,
    0.022072174875249775,
    -0.10597981074033529,
    -0.02475946342145964,
    0.1408930908589951,
    -0.042445280056365206,
    0.0010912436467425371,
    0.09217386603311493,
    0.07824328571967808,
    -0.02908048793225403,
    0.08408027286218164,
    0.004673162061588576,
    -0.12132777482954646
  ],
  "perSizeMeans": {},
  "globalMean": 355722.8588588589
}