{
  "version": 1,
  "modelType": "ridge",
  "features": [
    "boardSize",
    "firstIterationFalsePositiveSolutionCountAllMin",
    "firstIterationGuaranteedRequiredCellCountMax",
    "firstIterationGuaranteedRequiredCellCountStd",
    "firstIterationGuaranteedRequiredCellCountSum",
    "firstIterationGuaranteedUnusableCellCountAllMax",
    "firstIterationGuaranteedUnusableCellCountAllStd",
    "firstIterationGuaranteedUnusableCellCountAllSum",
    "firstIterationActionableCellAllCountMax",
    "firstIterationActionableCellAllCountStd",
    "firstIterationActionableCellAllCountSum",
    "cellCountLargerThanTargetAllSum",
    "percentUnresolvedCellsAfterDeduction",
    "percentUnresolvedCellsAfterDeductionI1",
    "percentUnresolvedCellsAfterDeductionI2",
    "autoCompleteWasAvailable"
  ],
  "lambda": 10,
  "transform": "log1p",
  "featureMeans": [
    0.47368421052631576,
    0.002055921052631579,
    0.42565905504502,
    0.12231742928152496,
    0.5347868127107894,
    0.711726074445372,
    0.22029660992891278,
    1.1672429530616661,
    0.8762995451591942,
    0.27316839904493045,
    1.7020297657724561,
    0.5961500974658873,
    0.03547352176738141,
    0.2849467133073719,
    0.1066068362042673,
    0.28654970760233917
  ],
  "featureStds": [
    0.3556690339072504,
    0.004086349612848087,
    0.2858786288610444,
    0.08503319004334076,
    0.4746676367469424,
    0.18418233632947056,
    0.07436977726342364,
    0.6123309277853195,
    0.20966671621028127,
    0.08812204130475249,
    0.9010653756043282,
    0.4241349174989511,
    0.17202294559113718,
    0.3002133552155663,
    0.2270466801191101,
    0.4521492814053267
  ],
  "weights": [
    12.190810357614287,
    0.5702371435395438,
    0.020847525541518197,
    -0.02361817874524839,
    -0.028330694258868458,
    0.008486725122193164,
    -0.014346724734698467,
    -0.1763203308456331,
    -0.09479118800333172,
    0.07296693815507282,
    -0.13994686428545494,
    -0.05994593045177222,
    0.000545590341280908,
    0.03783454587628665,
    0.051478528326051876,
    0.12321091877416518,
    -0.05338298541616814
  ],
  "perSizeMeans": {},
  "globalMean": 394554.9415204678
}