{
  "version": 1,
  "modelType": "ridge",
  "features": [
    "boardSize",
    "firstIterationGuaranteedRequiredCellCountMax",
    "firstIterationUnusableCellCountVsGoalAllSum",
    "firstIterationActionableCellAllCountStd",
    "cellCountLargerThanTargetAllSum",
    "deductionIterations",
    "percentUnresolvedCellsAfterDeduction",
    "percentUnresolvedCellsAfterDeductionI2",
    "breaksMinutes",
    "gameDateAsPercent",
    "percentUnresolvedCellsAfterDeductionI4",
    "percentUnresolvedCellsAfterDeductionI5",
    "goalSumAllMean",
    "goalVsTotalAllStd",
    "goalSumAllMax",
    "firstIterationActionableCellAllCountMin",
    "firstIterationRequiredCellCountVsGoalAllMax",
    "firstIterationUnusableCellCountVsGoalAllMean",
    "firstIterationGuaranteedRequiredCellCountStd",
    "firstIterationFalsePositiveSolutionCountAllMax"
  ],
  "lambda": 10,
  "transform": "log1p",
  "featureMeans": [
    0.4753787878787879,
    0.43481441398108095,
    6.002786943256543,
    0.2680245401536229,
    0.5956382609160393,
    2.1085858585858586,
    0.02672851197156752,
    0.09521898803479492,
    2.1302264649971936,
    0.6090933633662287,
    0.008199276717795237,
    0.0015587978550941515,
    2.039388141222632,
    0.18634386930543193,
    4.063361792528458,
    0.007491582491582492,
    0.3784014613984399,
    0.30609350180898476,
    0.12387692044565468,
    0.07717309816919192
  ],
  "featureStds": [
    0.3466012583319899,
    0.2815480672143069,
    5.019803697801372,
    0.0841748704210872,
    0.42977879879591824,
    1.017933646803644,
    0.15143162531832083,
    0.21522510015641377,
    11.298569891722961,
    0.2694356688004623,
    0.07146744609861445,
    0.02917623228135454,
    0.44147835678795255,
    0.03845655557841689,
    0.8153315696470061,
    0.04037553357434013,
    0.3318178486882636,
    0.26268443636547667,
    0.08285273947948571,
    0.024275160591133674
  ],
  "weights": [
    12.084371458290574,
    0.7036787555030761,
    0.06002100728927381,
    0.08603694887046646,
    -0.18513188496719518,
    -0.07164371207883331,
    0.12159102240920298,
    0.12461669678099262,
    0.06093708802376065,
    0.05394276040146064,
    -0.10633537144120853,
    -0.05307194614705442,
    0.047907745025060934,
    0.12137823916904446,
    -0.02314348900509071,
    -0.02834278684545206,
    0.0024452721894228117,
    0.026812359432774685,
    -0.09632303923776943,
    -0.03666004569434794,
    0.010377106862932806
  ],
  "perSizeMeans": {},
  "globalMean": 347003.6111111111
}