{
  "version": 1,
  "modelType": "ridge",
  "features": [
    "boardSize",
    "firstIterationFalsePositiveSolutionCountAllMin",
    "firstIterationGuaranteedRequiredCellCountMax",
    "firstIterationGuaranteedRequiredCellCountStd",
    "firstIterationGuaranteedUnusableCellCountAllMax",
    "firstIterationGuaranteedUnusableCellCountAllStd",
    "firstIterationActionableCellCountGrpMax",
    "firstIterationActionableCellCountGrpStd",
    "firstIterationActionableCellAllCountMax",
    "firstIterationActionableCellAllCountStd",
    "percentUnresolvedCellsAfterDeduction"
  ],
  "lambda": 0.0001,
  "transform": "log1p",
  "featureMeans": [
    7.068376068376068,
    0.5982905982905983,
    2.717948717948718,
    0.7522940912193308,
    4.923076923076923,
    1.4665969123320346,
    4.615384615384615,
    1.6311992091971346,
    5.965811965811966,
    1.7910706735346786,
    0.037917458056346935
  ],
  "featureStds": [
    1.4004058979757983,
    1.109861229947541,
    1.8250215024896665,
    0.49528844511465103,
    1.5086862239339123,
    0.47551679362274857,
    2.0416440243481437,
    0.7455490053065131,
    1.5017461285878548,
    0.48268458613468845,
    0.1796115641395199
  ],
  "weights": [
    12.348122182116828,
    0.8789091387040109,
    0.1551081253125294,
    -0.17130022078240553,
    0.21827512300451635,
    0.09504539255775751,
    -0.1577117985500197,
    -0.0817136319980319,
    0.04634585995692299,
    0.14274692832326336,
    -0.2293663171971586,
    0.050237718528072184
  ],
  "perSizeMeans": {},
  "globalMean": 439256.3247863248
}