{
  "version": 1,
  "modelType": "ridge",
  "features": [
    "boardSize",
    "allExactCombinationCountMin",
    "allExactCombinationCountMax",
    "allAlwaysRequiredCountMax",
    "allAlwaysRequiredCountStd",
    "allNeverUsedCountMax",
    "allNeverUsedCountStd",
    "allNeverAndAlwaysCountMax",
    "allNeverAndAlwaysCountStd",
    "deductionIterations",
    "unresolvedCellCountAfterDeduction"
  ],
  "lambda": 10,
  "transform": "log1p",
  "featureMeans": [
    6.979591836734694,
    1.5510204081632653,
    13.979591836734693,
    2.63265306122449,
    0.7302480507261027,
    4.979591836734694,
    1.4805128079826868,
    5.918367346938775,
    1.7570456674177533,
    2.061224489795918,
    2.6530612244897958
  ],
  "featureStds": [
    1.3013304952595803,
    1.0313696953872058,
    10.353920278789346,
    1.7106375175261943,
    0.4652593647909072,
    1.347557062793402,
    0.4225197928147009,
    1.3678037616421257,
    0.467601359268802,
    0.9563571031722438,
    13.051782301323811
  ],
  "weights": [
    12.379420196938442,
    0.3888884598485017,
    0.21140308194383794,
    0.18962875787954375,
    0.07372277445241766,
    -0.00283824834518888,
    0.0679012850058762,
    -0.13613374428832742,
    0.10710345748456652,
    -0.09408762650201091,
    0.17092210600035687,
    0.12621942033756903
  ],
  "perSizeMeans": {},
  "globalMean": 440124.306122449
}