{
  "version": 1,
  "modelType": "ridge",
  "features": [
    "boardSize",
    "firstIterationFalsePositiveSolutionCountAllMin",
    "firstIterationGuaranteedRequiredCellCountMax",
    "firstIterationGuaranteedRequiredCellCountStd",
    "firstIterationGuaranteedRequiredCellCountSum",
    "firstIterationGuaranteedUnusableCellCountAllMax",
    "firstIterationGuaranteedUnusableCellCountAllStd",
    "firstIterationGuaranteedUnusableCellCountAllSum",
    "firstIterationActionableCellAllCountMax",
    "firstIterationActionableCellAllCountStd",
    "firstIterationActionableCellAllCountSum",
    "requiredSumAllMean",
    "requiredSumAllStd",
    "cellCountLargerThanTargetAllSum",
    "deductionIterations",
    "percentUnresolvedCellsAfterDeduction",
    "percentUnresolvedCellsAfterDeductionI1",
    "percentUnresolvedCellsAfterDeductionI2",
    "autoCompleteWasAvailable",
    "gameDateAsPercent"
  ],
  "lambda": 10,
  "transform": "log1p",
  "featureMeans": [
    0.4696180555555556,
    0.0020955403645833335,
    0.4394675925925925,
    0.1252282597818296,
    0.5309895833333335,
    0.7147073412698421,
    0.21782625244632803,
    1.1449900793650787,
    0.8810901675485007,
    0.27102634681892557,
    1.6759796626984125,
    2.0427668428804138,
    0.9910819623955722,
    0.59144069664903,
    2.107638888888889,
    0.027492444701646086,
    0.2864444157935808,
    0.09838303328661717,
    0.5763888888888888,
    0.6184623435763723
  ],
  "featureStds": [
    0.35008261914804123,
    0.00414555086678397,
    0.28373597220506047,
    0.08297921939950335,
    0.45900248508406777,
    0.17983544719161784,
    0.07169026775013256,
    0.6181685185193536,
    0.20224340985414252,
    0.08510044339336166,
    0.8844406782677049,
    0.4456072144592867,
    0.23505880111874383,
    0.4301366534777392,
    1.030208976987403,
    0.15336063916243955,
    0.2942746938918699,
    0.21955604369608828,
    0.4941302840894501,
    0.28281095438065074
  ],
  "weights": [
    12.109432107585764,
    0.6330782481361603,
    0.015780774459076666,
    0.016747338816515096,
    -0.04978594786547726,
    -0.026663142055722983,
    -0.009398472480071847,
    -0.11752662904915571,
    -0.04673952673964227,
    0.016730828151971473,
    -0.0891498503457771,
    -0.04650549604439004,
    0.14730508560187217,
    -0.029337337764362138,
    0.02048408357601242,
    0.09637704990052129,
    0.08961264713154832,
    0.022951362425973315,
    0.07186757105629885,
    -0.0031874812404815572,
    -0.11203141700530807
  ],
  "perSizeMeans": {},
  "globalMean": 363051.59722222225
}