{
  "version": 1,
  "modelType": "ridge",
  "features": [
    "boardSize",
    "firstIterationFalsePositiveSolutionCountAllMin",
    "firstIterationGuaranteedRequiredCellCountMax",
    "firstIterationGuaranteedRequiredCellCountStd",
    "firstIterationGuaranteedUnusableCellCountAllMax",
    "firstIterationGuaranteedUnusableCellCountAllStd",
    "firstIterationActionableCellCountGrpMin",
    "firstIterationActionableCellCountGrpMax",
    "firstIterationActionableCellAllCountMax",
    "firstIterationActionableCellAllCountStd",
    "percentUnresolvedCellsAfterDeduction",
    "percentUnresolvedCellsAfterDeductionI1",
    "percentUnresolvedCellsAfterDeductionI2",
    "autoCompleteWasAvailable"
  ],
  "lambda": 10,
  "transform": "log1p",
  "featureMeans": [
    6.8882352941176475,
    0.5588235294117647,
    2.6941176470588237,
    0.7576353049533511,
    4.817647058823529,
    1.4594441514397176,
    0.18823529411764706,
    4.635294117647059,
    5.870588235294117,
    1.7911129916428652,
    0.03568218954248366,
    0.2828544880915329,
    0.10631481759370416,
    0.2823529411764706
  ],
  "featureStds": [
    1.424319178101336,
    1.1425249764444128,
    1.7356031629091784,
    0.4718663747420625,
    1.4898619336417986,
    0.466048795755138,
    0.4600285834356973,
    1.9754198887892735,
    1.5090958359940347,
    0.47067922148468905,
    0.17250657393367946,
    0.29984944091021815,
    0.2276814647515812,
    0.4501441522284471
  ],
  "weights": [
    12.18772873133051,
    0.6072472024978738,
    0.1485313911063943,
    -0.017392925336716332,
    0.01766179576063402,
    0.04012586564586054,
    -0.1924441875620585,
    -0.08210504819079228,
    0.00025696837445190454,
    0.19759299748376843,
    -0.14085973823900816,
    0.017822194354196963,
    0.1689642017500374,
    0.08245286442389807,
    -0.05065777071271888
  ],
  "perSizeMeans": {},
  "globalMean": 394919.40588235296
}