{
  "version": 1,
  "modelType": "ridge",
  "features": [
    "boardSize",
    "firstIterationFalsePositiveSolutionCountAllMin",
    "firstIterationGuaranteedRequiredCellCountMax",
    "firstIterationGuaranteedUnusableCellCountAllMax",
    "firstIterationActionableCellCountStd",
    "deductionIterations",
    "unresolvedCellCountAfterDeduction",
    "percentUnresolvedCellsAfterDeduction"
  ],
  "lambda": 10,
  "transform": "log1p",
  "featureMeans": [
    7.022471910112359,
    0.5056179775280899,
    2.595505617977528,
    5.067415730337078,
    1.8334496166291825,
    2.168539325842697,
    1.4606741573033708,
    0.02002271466222777
  ],
  "featureStds": [
    1.4140350113260634,
    1.0069823147149697,
    1.7782651634504543,
    1.4518314881090422,
    0.47160447404459244,
    1.0624960547837372,
    9.773911824571588,
    0.1322487763379101
  ],
  "weights": [
    12.273457605325902,
    0.6506474239396717,
    0.1958101287296715,
    0.12859057000917112,
    0.09167795997088635,
    -0.12316358205367572,
    0.22332917095838303,
    0.07495662568333526,
    0.08322062148602008
  ],
  "perSizeMeans": {},
  "globalMean": 402483
}