{
  "version": 1,
  "modelType": "ridge",
  "features": [
    "boardSize",
    "allExactCombinationCountMin",
    "allExactCombinationCountMax",
    "allAlwaysRequiredCountMax",
    "allAlwaysRequiredCountStd",
    "allNeverUsedCountMax",
    "allNeverUsedCountStd",
    "allNeverAndAlwaysCountMax",
    "allNeverAndAlwaysCountStd",
    "deductionIterations"
  ],
  "lambda": 10,
  "transform": "log1p",
  "featureMeans": [
    6.934782608695652,
    1.4782608695652173,
    13.652173913043478,
    2.652173913043478,
    0.7385780672810514,
    5,
    1.490569517493264,
    5.978260869565218,
    1.7782090243248283,
    2.108695652173913
  ],
  "featureStds": [
    1.3088689759556844,
    0.9264032935940226,
    10.093513610890536,
    1.747263591079141,
    0.47271980866528074,
    1.3513278493843524,
    0.4133377625273707,
    1.3267995234493153,
    0.4511484801400855,
    0.9607121649558416
  ],
  "weights": [
    12.331302098998282,
    0.367560343319027,
    0.2541301843480248,
    0.19389764417950472,
    0.07717818786190309,
    -0.0049398626920470826,
    0.05567842772927763,
    -0.1339078175552754,
    0.11163613188311958,
    -0.07944908934023785,
    0.16913234872716565
  ],
  "perSizeMeans": {},
  "globalMean": 398070.0652173913
}