{
  "version": 1,
  "modelType": "ridge",
  "features": [
    "boardSize",
    "firstIterationFalsePositiveSolutionCountAllMin",
    "firstIterationGuaranteedRequiredCellCountMax",
    "firstIterationGuaranteedRequiredCellCountStd",
    "firstIterationGuaranteedRequiredCellCountSum",
    "firstIterationGuaranteedUnusableCellCountAllMax",
    "firstIterationGuaranteedUnusableCellCountAllStd",
    "firstIterationGuaranteedUnusableCellCountAllSum",
    "firstIterationActionableCellAllCountMax",
    "firstIterationActionableCellAllCountStd",
    "firstIterationActionableCellAllCountSum",
    "requiredSumAllMean",
    "requiredSumAllStd",
    "cellCountLargerThanTargetAllSum",
    "deductionIterations",
    "percentUnresolvedCellsAfterDeduction",
    "percentUnresolvedCellsAfterDeductionI1",
    "percentUnresolvedCellsAfterDeductionI2",
    "autoCompleteWasAvailable",
    "gameDateAsPercent"
  ],
  "lambda": 10,
  "transform": "log1p",
  "featureMeans": [
    0.47318611987381703,
    0.0021810922712933753,
    0.4335211056031244,
    0.12383116345461852,
    0.5215846310483537,
    0.7105528015622664,
    0.21738693253676905,
    1.1462312019094347,
    0.8762267788293024,
    0.27006229973804874,
    1.667815832957789,
    2.0414977456399086,
    0.9902504178969577,
    0.5909873483217334,
    2.1167192429022084,
    0.03066338552011527,
    0.28935223832493623,
    0.10241356663590781,
    0.6151419558359621,
    0.6247221158784396
  ],
  "featureStds": [
    0.3491634076377554,
    0.004146370456567396,
    0.28268827806998065,
    0.08311837702925366,
    0.4539091496833649,
    0.17963239265729353,
    0.072039155263418,
    0.6186971891096221,
    0.20399807171417625,
    0.08629296628495298,
    0.8820758721061974,
    0.4454145708253409,
    0.23186665447385627,
    0.42849804861148083,
    1.0366796487083718,
    0.16199565682435113,
    0.29476552809665896,
    0.2267547675395901,
    0.4865617432621161,
    0.2802875393431087
  ],
  "weights": [
    12.110418339594954,
    0.6438975722868232,
    0.024726175968257897,
    0.013265089586928146,
    -0.05289693223157228,
    -0.02223112566441842,
    -0.007712160629070167,
    -0.11098646174943688,
    -0.04710924998407299,
    0.01827941385519132,
    -0.0757270838386289,
    -0.044482876285207314,
    0.13944754240440968,
    -0.027314315912322487,
    0.01850014125119488,
    0.08744243478095205,
    0.07215210173887632,
    0.029091725838831687,
    0.0852055621524856,
    -0.006910446837540232,
    -0.10926372799399167
  ],
  "perSizeMeans": {},
  "globalMean": 362148.12302839116
}