{
  "version": 1,
  "modelType": "ridge",
  "features": [
    "boardSize",
    "firstIterationFalsePositiveSolutionCountAllMin",
    "firstIterationGuaranteedRequiredCellCountMax",
    "firstIterationGuaranteedRequiredCellCountStd",
    "firstIterationGuaranteedRequiredCellCountSum",
    "firstIterationGuaranteedUnusableCellCountAllMax",
    "firstIterationGuaranteedUnusableCellCountAllStd",
    "firstIterationGuaranteedUnusableCellCountAllSum",
    "firstIterationRequiredCellCountVsGoalAllMean",
    "firstIterationRequiredCellCountVsGoalAllStd",
    "firstIterationUnusableCellCountVsGoalAllMean",
    "firstIterationUnusableCellCountVsGoalAllStd",
    "firstIterationUnusableCellCountVsGoalAllSum",
    "firstIterationActionableCellAllCountMax",
    "firstIterationActionableCellAllCountStd",
    "firstIterationActionableCellAllCountSum",
    "goalSumAllMean",
    "goalSumAllStd",
    "cellCountLargerThanTargetAllSum",
    "deductionIterations",
    "percentUnresolvedCellsAfterDeduction",
    "percentUnresolvedCellsAfterDeductionI1",
    "percentUnresolvedCellsAfterDeductionI2",
    "breaksMinutes"
  ],
  "lambda": 10,
  "transform": "log1p",
  "featureMeans": [
    0.4791666666666667,
    0.002315398185483871,
    0.43403311145246626,
    0.12337010860479809,
    0.5174350714001257,
    0.7105564089435072,
    0.21627924391597922,
    1.1393234055868457,
    0.05793864133290698,
    0.09950703754189937,
    0.30775041799882946,
    0.6178924739049635,
    6.054506840440734,
    0.8723864994026285,
    0.26837978486193637,
    1.6567584769869705,
    2.037632667115034,
    0.9903487973620254,
    0.5980652984013205,
    2.1155913978494625,
    0.028452932098765427,
    0.2902391403843498,
    0.09823217045679283,
    2.2603437885091306
  ],
  "featureStds": [
    0.34645300099673204,
    0.004465079734313685,
    0.2819639018762031,
    0.08289885079957315,
    0.4527229749634512,
    0.18022943460583207,
    0.0709546723643883,
    0.6169784989458132,
    0.06155832551484432,
    0.08713938210234895,
    0.2635858501916213,
    0.47645810577278364,
    5.061535185139461,
    0.20728577101252785,
    0.08497519367501877,
    0.8832512367653241,
    0.4443833956771761,
    0.22584609281854592,
    0.43328155034485244,
    1.0213178945100458,
    0.15608307514658337,
    0.2918085613247852,
    0.2198995730592119,
    11.644946172089204
  ],
  "weights": [
    12.107461777498242,
    0.6360801061311695,
    -0.008929007144862604,
    0.03281699760833538,
    -0.08176409190620051,
    0.014042601722991507,
    -0.020933666114697463,
    -0.09679110393011603,
    -0.042163543597349626,
    -0.03651199068688255,
    0.021538389502438388,
    -0.10921037262930872,
    0.00389824270125441,
    0.10630240047166788,
    -0.0027690525590408086,
    -0.06503678723768605,
    -0.022254813344661218,
    0.10678239573251909,
    -0.016030476264506138,
    -0.013860415915360625,
    0.07675300479363491,
    0.08331958729311222,
    0.040874947287913535,
    0.07664910159423166,
    0.06955147808544612
  ],
  "perSizeMeans": {},
  "globalMean": 354712.0268817204
}