{
  "version": 1,
  "modelType": "ridge",
  "features": [
    "boardSize",
    "firstIterationFalsePositiveSolutionCountAllMin",
    "firstIterationGuaranteedRequiredCellCountMax",
    "firstIterationGuaranteedUnusableCellCountAllMax",
    "firstIterationActionableCellCountMax",
    "firstIterationActionableCellCountStd",
    "deductionIterations",
    "percentUnresolvedCellsAfterDeduction"
  ],
  "lambda": 1,
  "transform": "log1p",
  "featureMeans": [
    7.073529411764706,
    0.5,
    2.764705882352941,
    5.044117647058823,
    6.117647058823529,
    1.8299945042067998,
    2.1029411764705883,
    0.02620620007262164
  ],
  "featureStds": [
    1.386024535800442,
    0.9776923610938036,
    1.8795935657259364,
    1.4392994980137728,
    1.480554464547437,
    0.47941214683890826,
    0.9257700432668906,
    0.15076118885512335
  ],
  "weights": [
    12.353151150064368,
    0.6772110498063301,
    0.22805905419904246,
    0.10546734038605787,
    0.0017080425892651418,
    0.18544253679561368,
    -0.2267556547399759,
    0.1536177936478374,
    0.13932805121131156
  ],
  "perSizeMeans": {},
  "globalMean": 429699.39705882355
}