{
  "version": 1,
  "modelType": "ridge",
  "features": [
    "boardSize",
    "rowsAndColumnsRequiredSumAvg",
    "rowsAndColumnsRequiredSumRms",
    "rowsAndColumnsValuesRmsAvg",
    "rowsAndColumnsValuesRmsRms",
    "rowsAndColumnsRequiredRatioAvg",
    "rowsAndColumnsRequiredRatioRms",
    "rowsAndColumnsRequiredSumMin",
    "rowsAndColumnsRequiredSumMax",
    "rowsAndColumnsValuesRmsMin",
    "rowsAndColumnsValuesRmsMax",
    "rowsAndColumnsRequiredRatioMin",
    "rowsAndColumnsRequiredRatioMax",
    "groupsRequiredSumAvg",
    "groupsRequiredSumRms",
    "groupsValuesRmsAvg",
    "groupsValuesRmsRms",
    "groupsRequiredRatioAvg",
    "groupsRequiredRatioRms",
    "groupsRequiredSumMin",
    "groupsRequiredSumMax",
    "groupsValuesRmsMin",
    "groupsValuesRmsMax",
    "groupsRequiredRatioMin",
    "groupsRequiredRatioMax"
  ],
  "lambda": 0.1,
  "transform": "log1p",
  "featureMeans": [
    6.933333333333334,
    14.209894179894178,
    15.928730065568747,
    5.418143330231593,
    5.499753752679147,
    0.050717108714609126,
    0.056448145268765466,
    14.209894179894178,
    15.928730065568747,
    5.418143330231593,
    5.499753752679147,
    0.050717108714609126,
    0.056448145268765466,
    14.209894179894178,
    15.6848613424479,
    5.435715146542473,
    5.4997537526791485,
    0.050468753322172606,
    0.05640419871378752,
    14.209894179894178,
    15.6848613424479,
    5.435715146542473,
    5.4997537526791485,
    0.050468753322172606,
    0.05640419871378752
  ],
  "featureStds": [
    1.3888444437333107,
    3.8206397194293586,
    3.9994811542920483,
    0.4892584223619786,
    0.46335035689172677,
    0.01964264874724619,
    0.022767040587406976,
    3.8206397194293586,
    3.9994811542920483,
    0.4892584223619786,
    0.46335035689172677,
    0.01964264874724619,
    0.022767040587406976,
    3.8206397194293586,
    3.8218589913371788,
    0.47528642214146605,
    0.46335035689172693,
    0.016287346475652074,
    0.021250871656411343,
    3.8206397194293586,
    3.8218589913371788,
    0.47528642214146605,
    0.46335035689172693,
    0.016287346475652074,
    0.021250871656411343
  ],
  "weights": [
    12.385429153117954,
    1.014948834289546,
    0.2646996487389739,
    -0.3927906793408213,
    0.15430983138677398,
    0.1386800264361244,
    -0.35573873739547246,
    0.3413293674364947,
    0.2646996487389791,
    -0.3927906793408211,
    0.15430983138677712,
    0.13868002643612543,
    -0.3557387373954723,
    0.34132936743649284,
    0.2646996487389792,
    -0.08609279137775752,
    -0.45843330948292244,
    0.13868002643618718,
    0.11142673827956003,
    -0.05552851785885571,
    0.2646996487389792,
    -0.08609279137775755,
    -0.4584333094829223,
    0.13868002643618718,
    0.11142673827955979,
    -0.055528517858855736
  ],
  "perSizeMeans": {},
  "globalMean": 388297.13333333336
}