{
  "version": 1,
  "modelType": "ridge",
  "features": [
    "boardSize",
    "allExactCombinationCountMin",
    "allExactCombinationCountMax",
    "allAlwaysRequiredCountMax",
    "allAlwaysRequiredCountStd",
    "allNeverUsedCountMax",
    "allNeverUsedCountStd",
    "allNeverAndAlwaysCountMax",
    "allNeverAndAlwaysCountStd",
    "deductionIterations",
    "unresolvedCellCountAfterDeduction"
  ],
  "lambda": 1,
  "transform": "log1p",
  "featureMeans": [
    7.018867924528302,
    1.528301886792453,
    14.150943396226415,
    2.7735849056603774,
    0.7623123424715705,
    4.943396226415095,
    1.4654204319285589,
    6,
    1.7795534474616388,
    2.056603773584906,
    2.452830188679245
  ],
  "featureStds": [
    1.3245229263988112,
    1.0019560790454154,
    10.281685909798032,
    1.9096725930384897,
    0.5109900262935803,
    1.3792956137733634,
    0.43179828460185593,
    1.4142135623730951,
    0.46577292265873915,
    0.9399938646853699,
    12.569153673398372
  ],
  "weights": [
    12.375395816513182,
    0.600627955674508,
    0.26895052629147,
    0.0017567816418958757,
    0.010564997543966628,
    0.11078025569880504,
    0.07033919327095275,
    -0.08150286922214924,
    0.14557505373358212,
    -0.16928958893409435,
    0.16121165963746903,
    0.1392948471146564
  ],
  "perSizeMeans": {},
  "globalMean": 431230.2641509434
}