{
  "version": 1,
  "modelType": "ridge",
  "features": [
    "boardSize",
    "firstIterationFalsePositiveSolutionCountAllMin",
    "firstIterationGuaranteedRequiredCellCountMax",
    "firstIterationGuaranteedRequiredCellCountStd",
    "firstIterationGuaranteedUnusableCellCountAllMax",
    "firstIterationGuaranteedUnusableCellCountAllStd",
    "firstIterationActionableCellCountGrpMin",
    "firstIterationActionableCellCountGrpMax",
    "firstIterationActionableCellAllCountMax",
    "firstIterationActionableCellAllCountStd",
    "percentUnresolvedCellsAfterDeduction",
    "autoCompleteWasAvailable"
  ],
  "lambda": 0.0001,
  "transform": "log1p",
  "featureMeans": [
    6.8882352941176475,
    0.5588235294117647,
    2.6941176470588237,
    0.7576353049533511,
    4.817647058823529,
    1.4594441514397176,
    0.18823529411764706,
    4.635294117647059,
    5.870588235294117,
    1.7911129916428652,
    0.03568218954248366,
    0.2823529411764706
  ],
  "featureStds": [
    1.424319178101336,
    1.1425249764444128,
    1.7356031629091784,
    0.4718663747420625,
    1.4898619336417986,
    0.466048795755138,
    0.4600285834356973,
    1.9754198887892735,
    1.5090958359940347,
    0.47067922148468905,
    0.17250657393367946,
    0.4501441522284471
  ],
  "weights": [
    12.18772873133051,
    0.9494944895662748,
    0.05940286673551936,
    -0.16412780146698808,
    0.1895281639157057,
    0.018524582382844153,
    -0.19735229792174866,
    -0.04904538003718884,
    0.0024745264441975784,
    0.1271239650481271,
    -0.21697760090159612,
    0.059972428776916165,
    -0.04635538935189474
  ],
  "perSizeMeans": {},
  "globalMean": 394919.40588235296
}