{
  "version": 1,
  "modelType": "ridge",
  "features": [
    "boardSize",
    "firstIterationFalsePositiveSolutionCountAllMin",
    "firstIterationGuaranteedRequiredCellCountMax",
    "firstIterationGuaranteedRequiredCellCountStd",
    "firstIterationGuaranteedUnusableCellCountAllMax",
    "firstIterationGuaranteedUnusableCellCountAllStd",
    "firstIterationActionableCellCountGrpMin",
    "firstIterationActionableCellCountGrpMax",
    "firstIterationActionableCellAllCountMax",
    "firstIterationActionableCellAllCountStd",
    "percentUnresolvedCellsAfterDeduction"
  ],
  "lambda": 10,
  "transform": "log1p",
  "featureMeans": [
    6.9655172413793105,
    0.5862068965517241,
    2.6758620689655173,
    0.7497875375589568,
    4.848275862068966,
    1.4530227097002335,
    0.19310344827586207,
    4.5793103448275865,
    5.875862068965517,
    1.7737128488314617,
    0.030595466155810977
  ],
  "featureStds": [
    1.4210913392637088,
    1.0928369086546974,
    1.733574177602704,
    0.47632462101909046,
    1.514668665180418,
    0.47687334377401336,
    0.4741097170288891,
    2.026272152185035,
    1.5080599943279032,
    0.4829531912408932,
    0.16203319369021635
  ],
  "weights": [
    12.263707537229838,
    0.6784053873444755,
    0.2558770074348804,
    -0.009814433730088109,
    -0.014109106411441023,
    0.07392672465192728,
    -0.22459243025255518,
    -0.07629211251220172,
    -0.013155350747376171,
    0.20936642599656743,
    -0.1533665804790149,
    0.036964801812943364
  ],
  "perSizeMeans": {},
  "globalMean": 407823.9310344828
}