{
  "version": 1,
  "modelType": "ridge",
  "features": [
    "boardSize",
    "firstIterationFalsePositiveSolutionCountAllMin",
    "firstIterationGuaranteedRequiredCellCountMax",
    "firstIterationGuaranteedRequiredCellCountStd",
    "firstIterationGuaranteedRequiredCellCountSum",
    "firstIterationGuaranteedUnusableCellCountAllMax",
    "firstIterationGuaranteedUnusableCellCountAllStd",
    "firstIterationGuaranteedUnusableCellCountAllSum",
    "firstIterationRequiredCellCountVsGoalAllMean",
    "firstIterationRequiredCellCountVsGoalAllStd",
    "firstIterationUnusableCellCountVsGoalAllMean",
    "firstIterationUnusableCellCountVsGoalAllStd",
    "firstIterationUnusableCellCountVsGoalAllSum",
    "firstIterationActionableCellAllCountMax",
    "firstIterationActionableCellAllCountStd",
    "firstIterationActionableCellAllCountSum",
    "goalSumAllMean",
    "goalSumAllStd",
    "cellCountLargerThanTargetAllSum",
    "deductionIterations",
    "percentUnresolvedCellsAfterDeduction",
    "percentUnresolvedCellsAfterDeductionI1",
    "percentUnresolvedCellsAfterDeductionI2",
    "gameDateAsPercent",
    "breaksMinutes"
  ],
  "lambda": 10,
  "transform": "log1p",
  "featureMeans": [
    0.4767267267267267,
    0.002146677927927928,
    0.4337849754516421,
    0.12354666458562427,
    0.5189618189618194,
    0.7136302969636316,
    0.21817016167156805,
    1.1435344074232956,
    0.056173250331042944,
    0.09727624308021489,
    0.30001034161023177,
    0.6050105617067162,
    5.942741019518102,
    0.8776216692883358,
    0.2705309678197939,
    1.6624962263851155,
    2.042170647121045,
    0.9919833668026701,
    0.5947129669351895,
    2.12012012012012,
    0.02919006969932895,
    0.2877421355595959,
    0.0992211386556625,
    0.6187218438101926,
    2.0963607341667063
  ],
  "featureStds": [
    0.34715545985870105,
    0.004089254581055474,
    0.28419262616378654,
    0.08325102326252837,
    0.454010863116087,
    0.17769912571725,
    0.07097965946248172,
    0.609695003568572,
    0.05503186361933045,
    0.0831253336962694,
    0.2463074282685948,
    0.46390985176526317,
    4.942667968049088,
    0.2018924981569173,
    0.08536281952061918,
    0.8724284709223155,
    0.4452949936769782,
    0.23317921119800208,
    0.4227901397672034,
    1.0240284272447655,
    0.1581919519452623,
    0.2914365594001612,
    0.22207335652109023,
    0.27556401322722907,
    10.997072757240758
  ],
  "weights": [
    12.107662682405415,
    0.6245957984568383,
    0.013431327678812263,
    0.02358265142906435,
    -0.050116818268581255,
    0.0004751289551378811,
    -0.007566321975819559,
    -0.10411829193139892,
    -0.04602823854716384,
    -0.03938824755516341,
    0.02706589793509011,
    -0.08374501208826242,
    0.013580019652470438,
    0.0822744002811336,
    0.0019189654449136575,
    -0.08521106118968395,
    -0.031919491725022314,
    0.12317443894573156,
    -0.02650574479566359,
    0.006192533939297109,
    0.082966140885734,
    0.08088437272617462,
    0.02528621225046849,
    0.08011309349722293,
    -0.10930424089866238,
    0.04392289750082244
  ],
  "perSizeMeans": {},
  "globalMean": 355722.8588588589
}