{
  "version": 1,
  "modelType": "ridge",
  "features": [
    "boardSize",
    "firstIterationFalsePositiveSolutionCountAllMin",
    "firstIterationGuaranteedRequiredCellCountMax",
    "firstIterationGuaranteedRequiredCellCountStd",
    "firstIterationGuaranteedRequiredCellCountSum",
    "firstIterationGuaranteedUnusableCellCountAllMax",
    "firstIterationGuaranteedUnusableCellCountAllStd",
    "firstIterationGuaranteedUnusableCellCountAllSum",
    "firstIterationActionableCellAllCountMax",
    "firstIterationActionableCellAllCountStd",
    "firstIterationActionableCellAllCountSum",
    "cellCountLargerThanTargetAllSum",
    "percentUnresolvedCellsAfterDeduction",
    "percentUnresolvedCellsAfterDeductionI1",
    "percentUnresolvedCellsAfterDeductionI2",
    "autoCompleteWasAvailable",
    "gameDateAsPercent"
  ],
  "lambda": 10,
  "transform": "log1p",
  "featureMeans": [
    0.4770408163265306,
    0.002072704081632653,
    0.4224388564949789,
    0.12157613862197686,
    0.5330330147932191,
    0.7140184645286682,
    0.22061369291134708,
    1.1764901198574667,
    0.8745444606413993,
    0.2729164436813689,
    1.709523134650686,
    0.6022392290249435,
    0.03094883786848072,
    0.28893512653549697,
    0.10619676938235614,
    0.37755102040816324,
    0.5853749155782364
  ],
  "featureStds": [
    0.35729770695493135,
    0.004127355338669238,
    0.2838041801833701,
    0.08399348312526966,
    0.471389060786578,
    0.1833414778675733,
    0.07373662023101107,
    0.6323508092752026,
    0.2133397726803858,
    0.08854310557830683,
    0.9116220313539799,
    0.4297123167978495,
    0.16111316292279784,
    0.3001933511796036,
    0.2271153559352975,
    0.48477442939672294,
    0.28830586665271213
  ],
  "weights": [
    12.176977405986584,
    0.5961230076295532,
    0.01884243063166189,
    -0.016176535042799863,
    -0.0223612486595758,
    0.004991021743255239,
    -0.016589148094602574,
    -0.15351726542523925,
    -0.09830911230166216,
    0.06702348276418932,
    -0.12770066703370916,
    -0.06561176848956041,
    -0.015742380645013015,
    0.04771395051924109,
    0.06922565251210687,
    0.10014558880837934,
    -0.010007864215288723,
    -0.07076793043900301
  ],
  "perSizeMeans": {},
  "globalMean": 389357.22959183675
}