{
  "version": 1,
  "modelType": "ridge",
  "features": [
    "boardSize",
    "firstIterationFalsePositiveSolutionCountAllMin",
    "firstIterationGuaranteedRequiredCellCountMax",
    "firstIterationGuaranteedRequiredCellCountStd",
    "firstIterationGuaranteedRequiredCellCountSum",
    "firstIterationGuaranteedUnusableCellCountAllMax",
    "firstIterationGuaranteedUnusableCellCountAllStd",
    "firstIterationGuaranteedUnusableCellCountAllSum",
    "firstIterationActionableCellAllCountMax",
    "firstIterationActionableCellAllCountStd",
    "firstIterationActionableCellAllCountSum",
    "cellCountLargerThanTargetAllSum",
    "percentUnresolvedCellsAfterDeduction",
    "percentUnresolvedCellsAfterDeductionI1",
    "percentUnresolvedCellsAfterDeductionI2",
    "autoCompleteWasAvailable",
    "gameDateAsPercent"
  ],
  "lambda": 1,
  "transform": "log1p",
  "featureMeans": [
    0.47489539748953974,
    0.002034845711297071,
    0.43135252706382415,
    0.123447268459756,
    0.5345348785725356,
    0.7165537623696623,
    0.21852212377628988,
    1.1617066259325672,
    0.8802052201633791,
    0.27228631076935944,
    1.696241504505103,
    0.5941959443005467,
    0.029151492845704834,
    0.2867725328935231,
    0.0960195338401904,
    0.4895397489539749,
    0.6106592970526481
  ],
  "featureStds": [
    0.3504293384919248,
    0.004085169233472936,
    0.28395146537469695,
    0.08325284460690165,
    0.4629072382019404,
    0.17773656176921146,
    0.07101832401678161,
    0.6321405579050672,
    0.2058961062176941,
    0.08557732177929504,
    0.8975984731596807,
    0.4428925471466111,
    0.15691207604688623,
    0.2946010494224576,
    0.21654155527321775,
    0.4998905711733851,
    0.28799296352423676
  ],
  "weights": [
    12.146940211264779,
    0.741670981541031,
    0.04605068507322892,
    -0.030292874683351095,
    -0.02329006199662179,
    0.07422044244440491,
    -0.014378217842962575,
    -0.10300389388139308,
    -0.11790585533743264,
    0.0855704582792072,
    -0.1461508483056984,
    -0.044759315378357915,
    -0.03340962652329066,
    0.05809281398575466,
    -0.024093875073606497,
    0.10284218131683395,
    -0.004787170607503763,
    -0.08827809094154435
  ],
  "perSizeMeans": {},
  "globalMean": 366623.32635983266
}