{
  "version": 1,
  "modelType": "ridge",
  "features": [
    "boardSize",
    "firstIterationFalsePositiveSolutionCountAllMin",
    "firstIterationGuaranteedRequiredCellCountMax",
    "firstIterationGuaranteedRequiredCellCountStd",
    "firstIterationGuaranteedUnusableCellCountAllMax",
    "firstIterationGuaranteedUnusableCellCountAllStd",
    "firstIterationActionableCellCountMax",
    "firstIterationActionableCellCountStd",
    "percentUnresolvedCellsAfterDeduction"
  ],
  "lambda": 10,
  "transform": "log1p",
  "featureMeans": [
    7.070796460176991,
    0.6106194690265486,
    2.7079646017699117,
    0.751506744792897,
    4.902654867256637,
    1.462265346249955,
    5.946902654867257,
    1.7858059946517073,
    0.039259668960996384
  ],
  "featureStds": [
    1.4124403920967454,
    1.12441629552344,
    1.8418988659465767,
    0.5017208989019151,
    1.5282855323839222,
    0.4815786417778617,
    1.5159372109992122,
    0.4884362894087623,
    0.18261866616965358
  ],
  "weights": [
    12.348256784754254,
    0.6890793863206219,
    0.27088042971471116,
    0.01636457751021264,
    -0.04345792796368813,
    0.12095663477933828,
    -0.20639165176312696,
    0.1650586782734856,
    -0.15382241392336407,
    0.04233833357816766
  ],
  "perSizeMeans": {},
  "globalMean": 440251.2300884956
}