{
  "version": 1,
  "modelType": "ridge",
  "features": [
    "boardSize",
    "firstIterationFalsePositiveSolutionCountAllMin",
    "firstIterationGuaranteedRequiredCellCountMax",
    "firstIterationGuaranteedRequiredCellCountStd",
    "firstIterationGuaranteedRequiredCellCountSum",
    "firstIterationGuaranteedUnusableCellCountAllMax",
    "firstIterationGuaranteedUnusableCellCountAllStd",
    "firstIterationGuaranteedUnusableCellCountAllSum",
    "firstIterationRequiredCellCountVsGoalAllMean",
    "firstIterationRequiredCellCountVsGoalAllStd",
    "firstIterationUnusableCellCountVsGoalAllMean",
    "firstIterationUnusableCellCountVsGoalAllStd",
    "firstIterationUnusableCellCountVsGoalAllSum",
    "firstIterationActionableCellAllCountMax",
    "firstIterationActionableCellAllCountStd",
    "firstIterationActionableCellAllCountSum",
    "goalSumAllMean",
    "goalSumAllStd",
    "cellCountLargerThanTargetAllSum",
    "deductionIterations",
    "percentUnresolvedCellsAfterDeduction",
    "percentUnresolvedCellsAfterDeductionI1",
    "percentUnresolvedCellsAfterDeductionI2",
    "autoCompleteWasAvailable",
    "gameDateAsPercent",
    "breaksMinutes"
  ],
  "lambda": 10,
  "transform": "log1p",
  "featureMeans": [
    0.4767267267267267,
    0.002146677927927928,
    0.4337849754516421,
    0.12354666458562427,
    0.5189618189618194,
    0.7136302969636316,
    0.21817016167156805,
    1.1435344074232956,
    0.056173250331042944,
    0.09727624308021489,
    0.30001034161023177,
    0.6050105617067162,
    5.942741019518102,
    0.8776216692883358,
    0.2705309678197939,
    1.6624962263851155,
    2.042170647121045,
    0.9919833668026701,
    0.5947129669351895,
    2.12012012012012,
    0.02919006969932895,
    0.2877421355595959,
    0.0992211386556625,
    0.6336336336336337,
    0.6187218438101926,
    2.0963607341667063
  ],
  "featureStds": [
    0.34715545985870105,
    0.004089254581055474,
    0.28419262616378654,
    0.08325102326252837,
    0.454010863116087,
    0.17769912571725,
    0.07097965946248172,
    0.609695003568572,
    0.05503186361933045,
    0.0831253336962694,
    0.2463074282685948,
    0.46390985176526317,
    4.942667968049088,
    0.2018924981569173,
    0.08536281952061918,
    0.8724284709223155,
    0.4452949936769782,
    0.23317921119800208,
    0.4227901397672034,
    1.0240284272447655,
    0.1581919519452623,
    0.2914365594001612,
    0.22207335652109023,
    0.48181122025319223,
    0.27556401322722907,
    10.997072757240758
  ],
  "weights": [
    12.107662682405415,
    0.6244610661554995,
    0.013229569034353229,
    0.023647217178149278,
    -0.050798004970105365,
    0.0008234671800013975,
    -0.007232855039536643,
    -0.10462046567623251,
    -0.04611213732509938,
    -0.038398521180870004,
    0.026394660288509866,
    -0.08352234356218993,
    0.01427570746190683,
    0.08142207290568244,
    0.0021432546458759983,
    -0.08567756407419298,
    -0.031796849381288725,
    0.12393735349284703,
    -0.027436133626129722,
    0.006952332142945996,
    0.0824250318393361,
    0.08056684446749494,
    0.025699174972783644,
    0.07969090598973042,
    -0.008726057696996935,
    -0.10207673646868085,
    0.044187811745237546
  ],
  "perSizeMeans": {},
  "globalMean": 355722.8588588589
}