{
  "version": 1,
  "modelType": "ridge",
  "features": [
    "boardSize",
    "firstIterationFalsePositiveSolutionCountAllMin",
    "firstIterationGuaranteedRequiredCellCountMax",
    "firstIterationGuaranteedRequiredCellCountStd",
    "firstIterationGuaranteedUnusableCellCountAllMax",
    "firstIterationGuaranteedUnusableCellCountAllStd",
    "firstIterationActionableCellCountMin",
    "firstIterationActionableCellCountMax",
    "firstIterationActionableCellCountStd",
    "deductionIterations",
    "unresolvedCellCountAfterDeduction",
    "percentUnresolvedCellsAfterDeduction"
  ],
  "lambda": 10,
  "transform": "log1p",
  "featureMeans": [
    7.02970297029703,
    0.5148514851485149,
    2.732673267326733,
    0.7594775897418807,
    4.99009900990099,
    1.4929250955217233,
    0.039603960396039604,
    6.0495049504950495,
    1.813725112477193,
    2.1881188118811883,
    1.2871287128712872,
    0.017643778266715558
  ],
  "featureStds": [
    1.3891763037363054,
    0.9710039857382546,
    1.8502934694120086,
    0.4971016981465355,
    1.4724872841821857,
    0.4633507758405318,
    0.19502688716427924,
    1.4513649268759368,
    0.4628954979075898,
    1.0782537338662954,
    9.187094514431445,
    0.12431300614069594
  ],
  "weights": [
    12.302652988963189,
    0.5728521254770556,
    0.24785994785258267,
    0.04854445396495422,
    -0.032873908074822565,
    0.090134303380181,
    -0.1707496237232454,
    0.05587004968888301,
    0.16334029268962688,
    -0.09554733985498755,
    0.1750016992020503,
    0.05742945004447039,
    0.06254711828541909
  ],
  "perSizeMeans": {},
  "globalMean": 400515.5346534653
}