{
  "version": 1,
  "modelType": "ridge",
  "features": [
    "boardSize",
    "firstIterationUnusableCellCountVsGoalAllSum",
    "firstIterationActionableCellAllCountStd",
    "cellCountLargerThanTargetAllSum",
    "deductionIterations",
    "percentUnresolvedCellsAfterDeduction",
    "percentUnresolvedCellsAfterDeductionI2",
    "gameDateAsPercent",
    "percentUnresolvedCellsAfterDeductionI4",
    "percentUnresolvedCellsAfterDeductionI5",
    "goalSumAllMean",
    "goalSumAllMax",
    "firstIterationActionableCellAllCountMin",
    "firstIterationRequiredCellCountVsGoalAllMax",
    "firstIterationUnusableCellCountVsGoalAllMean",
    "firstIterationGuaranteedRequiredCellCountStd",
    "firstIterationFalsePositiveSolutionCountAllMax",
    "cellCountLargerThanTargetAllStd",
    "firstIterationGuaranteedUnusableCellCountAllStd"
  ],
  "lambda": 10,
  "transform": "log1p",
  "featureMeans": [
    0.4728132387706856,
    6.003398567957527,
    0.2676134440639142,
    0.5978420078301878,
    2.1134751773049647,
    0.026715224878148435,
    0.09607559204401488,
    0.6126782157548841,
    0.009368706768233955,
    0.00145930011966261,
    2.0311478638824414,
    4.051582610979772,
    0.007486209613869189,
    0.3776141726014336,
    0.30726493833617013,
    0.12360061542869573,
    0.07695220153664302,
    0.17149526972244658,
    0.2158080792097233
  ],
  "featureStds": [
    0.3474403268520802,
    4.9825356751508805,
    0.08435803496187318,
    0.43001990660290657,
    1.013564260139001,
    0.1504494970780983,
    0.2146716047927177,
    0.2694114502121282,
    0.07725841903389229,
    0.028232294616481083,
    0.44165055615120613,
    0.8144067679800058,
    0.04021430321194642,
    0.33406642438010087,
    0.2640271777956002,
    0.08302990126923064,
    0.024090128955304525,
    0.0797920866790334,
    0.06959260091632229
  ],
  "weights": [
    12.06481842741893,
    0.7037992241575491,
    0.1045796555865029,
    -0.08130255006873569,
    -0.05664522535397884,
    0.11028691503170707,
    0.09612015326233612,
    0.0822316405239034,
    -0.11721782576200654,
    -0.056965851381442244,
    0.050822140328429556,
    0.11231281169676774,
    -0.02211070870410657,
    0.004880440850019324,
    0.0325354555034187,
    -0.09190331752925131,
    -0.04081914062678704,
    0.021117245287981003,
    -0.03792324863369555,
    -0.122275455214999
  ],
  "perSizeMeans": {},
  "globalMean": 341596.8865248227
}