{
  "version": 1,
  "modelType": "ridge",
  "features": [
    "boardSize",
    "allExactCombinationCountMin",
    "allExactCombinationCountMax",
    "allExactCombinationCountStd",
    "allAlwaysRequiredCountMax",
    "allAlwaysRequiredCountStd",
    "allNeverUsedCountMax",
    "allNeverUsedCountStd",
    "allNeverAndAlwaysCountMax",
    "allNeverAndAlwaysCountStd"
  ],
  "lambda": 1,
  "transform": "log1p",
  "featureMeans": [
    6.9,
    1.35,
    12.45,
    2.882977764921063,
    2.65,
    0.7410708036517943,
    5.25,
    1.625542169714734,
    6.25,
    1.9321705802897184
  ],
  "featureStds": [
    1.260952021291849,
    0.7262919523166975,
    7.716702663702937,
    1.7978802871558495,
    1.8513508581573617,
    0.44546212530467244,
    1.1346805717910218,
    0.3543303056678051,
    1.1346805717910218,
    0.3762173542380601
  ],
  "weights": [
    12.232629947553686,
    0.4276038084348234,
    0.27285859561768455,
    0.20365512469493174,
    0.030028813274095942,
    0.08751648577697313,
    0.01276529859988438,
    0.05761627004837452,
    -0.08887889531669882,
    0.12173660299315896,
    -0.01962877073098542
  ],
  "perSizeMeans": {},
  "globalMean": 319929.9
}