{
  "version": 1,
  "modelType": "ridge",
  "features": [
    "boardSize",
    "firstIterationFalsePositiveSolutionCountAllMin",
    "firstIterationGuaranteedRequiredCellCountMax",
    "firstIterationGuaranteedRequiredCellCountStd",
    "firstIterationGuaranteedRequiredCellCountSum",
    "firstIterationGuaranteedUnusableCellCountAllMax",
    "firstIterationGuaranteedUnusableCellCountAllStd",
    "firstIterationGuaranteedUnusableCellCountAllSum",
    "firstIterationActionableCellAllCountMax",
    "firstIterationActionableCellAllCountStd",
    "firstIterationActionableCellAllCountSum",
    "requiredSumAllMean",
    "requiredSumAllStd",
    "cellCountLargerThanTargetAllSum",
    "deductionIterations",
    "percentUnresolvedCellsAfterDeduction",
    "percentUnresolvedCellsAfterDeductionI1",
    "percentUnresolvedCellsAfterDeductionI2",
    "autoCompleteWasAvailable",
    "gameDateAsPercent"
  ],
  "lambda": 10,
  "transform": "log1p",
  "featureMeans": [
    0.4749034749034749,
    0.0020209942084942084,
    0.42913985413985406,
    0.12312158510713396,
    0.530135747992891,
    0.7175798247226826,
    0.2183486465448733,
    1.1558650487221913,
    0.8784856284856284,
    0.27204336047333966,
    1.6860007967150825,
    2.0408412238769387,
    0.9891451518813428,
    0.5931242466956753,
    2.111969111969112,
    0.030570749320749314,
    0.29077215578065924,
    0.10239517031608873,
    0.528957528957529,
    0.601623814098417
  ],
  "featureStds": [
    0.35266154373291025,
    0.004030011961694992,
    0.2832338934112402,
    0.08376077811497112,
    0.46626264340868206,
    0.1769143018921243,
    0.07105529225452602,
    0.6263729872009071,
    0.20739334615557103,
    0.08695211219462247,
    0.8994335637868744,
    0.44695348576449084,
    0.23428745664084258,
    0.43690820252124846,
    1.054046982594691,
    0.16142749297140316,
    0.29812644803069344,
    0.2253163321332316,
    0.4991607571881758,
    0.27987566795487495
  ],
  "weights": [
    12.14431431412612,
    0.6098557958821663,
    0.01622173220187232,
    -0.0021925547807745234,
    -0.04012466358877676,
    -0.034851928970841634,
    0.004658994472151278,
    -0.1258154944791791,
    -0.0608820418007857,
    0.0267610224978733,
    -0.11761826849849986,
    -0.060465854410114095,
    0.15392288510275567,
    -0.026092726569173257,
    0.036562243692346105,
    0.07963888103190588,
    0.07889090692793738,
    0.01579736049602278,
    0.09046705861422365,
    -0.012046252099491714,
    -0.08775676273519485
  ],
  "perSizeMeans": {},
  "globalMean": 380164.6911196911
}