{
  "version": 1,
  "modelType": "ridge",
  "features": [
    "boardSize",
    "firstIterationFalsePositiveSolutionCountAllMin",
    "firstIterationGuaranteedRequiredCellCountMax",
    "firstIterationGuaranteedRequiredCellCountStd",
    "firstIterationGuaranteedRequiredCellCountSum",
    "firstIterationGuaranteedUnusableCellCountAllMax",
    "firstIterationGuaranteedUnusableCellCountAllStd",
    "firstIterationGuaranteedUnusableCellCountAllSum",
    "firstIterationActionableCellAllCountMax",
    "firstIterationActionableCellAllCountStd",
    "firstIterationActionableCellAllCountSum",
    "requiredSumAllMean",
    "requiredSumAllStd",
    "cellCountLargerThanTargetAllSum",
    "deductionIterations",
    "percentUnresolvedCellsAfterDeduction",
    "percentUnresolvedCellsAfterDeductionI1",
    "percentUnresolvedCellsAfterDeductionI2",
    "autoCompleteWasAvailable",
    "gameDateAsPercent"
  ],
  "lambda": 10,
  "transform": "log1p",
  "featureMeans": [
    0.47718631178707227,
    0.0020199619771863117,
    0.43277506186251424,
    0.12363031341521635,
    0.5288123403142416,
    0.7166621401412283,
    0.21792858912211388,
    1.1507182087029992,
    0.8792473897036633,
    0.2719077173561219,
    1.6795305490172412,
    2.040467601454045,
    0.9887298454071648,
    0.5905461001468606,
    2.1140684410646386,
    0.03010579495845655,
    0.29143698741290636,
    0.10122773320706967,
    0.5361216730038023,
    0.6050950401272401
  ],
  "featureStds": [
    0.35214237242771745,
    0.004020958676540919,
    0.28261667327814083,
    0.08329145444003944,
    0.46317355876503574,
    0.17954573055935494,
    0.07176068492617833,
    0.6263202908302242,
    0.2064659560339286,
    0.08669781493464473,
    0.8959722734551085,
    0.44570813960207106,
    0.23310016862876953,
    0.4359532115834074,
    1.0511227869219402,
    0.1602388879425545,
    0.2972065247877351,
    0.22381777508246498,
    0.4986935178437833,
    0.2808198574654002
  ],
  "weights": [
    12.146915577757648,
    0.6228471833378177,
    0.018596915141132375,
    0.004509109394584264,
    -0.04321341967460548,
    -0.03397107329386011,
    0.006186887329355504,
    -0.11617943847153002,
    -0.05588136905887492,
    0.023041760686145843,
    -0.11284290941663389,
    -0.05662467437513065,
    0.15036120740381712,
    -0.021788724111744623,
    0.02964159346790219,
    0.08247937169272769,
    0.08234875094497368,
    0.01581680932245993,
    0.0891615320016557,
    -0.010899585741839107,
    -0.08879932881534902
  ],
  "perSizeMeans": {},
  "globalMean": 378586.3574144487
}