{
  "version": 1,
  "modelType": "ridge",
  "features": [
    "boardSize",
    "firstIterationFalsePositiveSolutionCountAllMin",
    "firstIterationGuaranteedRequiredCellCountMax",
    "firstIterationGuaranteedUnusableCellCountAllMax",
    "firstIterationActionableCellCountMax",
    "firstIterationActionableCellCountStd",
    "deductionIterations",
    "unresolvedCellCountAfterDeduction"
  ],
  "lambda": 1,
  "transform": "log1p",
  "featureMeans": [
    7.089285714285714,
    0.5178571428571429,
    2.75,
    5.035714285714286,
    6.071428571428571,
    1.7944497724069275,
    2.0892857142857144,
    2.3214285714285716
  ],
  "featureStds": [
    1.3266066500970186,
    0.9818181281350908,
    1.8827221932996,
    1.4263375391225614,
    1.4621063921756228,
    0.46806803677590586,
    0.9311434160345498,
    12.240312704422251
  ],
  "weights": [
    12.411196582195114,
    0.5910756993029057,
    0.2660010845605425,
    0.1017038881874742,
    -0.0172021018034145,
    0.20903494422778762,
    -0.187121371483602,
    0.18261989473345927,
    0.15529210102976107
  ],
  "perSizeMeans": {},
  "globalMean": 436349.0535714286
}