{
  "version": 1,
  "modelType": "ridge",
  "features": [
    "boardSize",
    "firstIterationFalsePositiveSolutionCountAllMin",
    "firstIterationGuaranteedRequiredCellCountMax",
    "firstIterationGuaranteedRequiredCellCountStd",
    "firstIterationGuaranteedRequiredCellCountSum",
    "firstIterationGuaranteedUnusableCellCountAllMax",
    "firstIterationGuaranteedUnusableCellCountAllStd",
    "firstIterationGuaranteedUnusableCellCountAllSum",
    "firstIterationActionableCellAllCountMax",
    "firstIterationActionableCellAllCountStd",
    "firstIterationActionableCellAllCountSum",
    "cellCountLargerThanTargetAllSum",
    "percentUnresolvedCellsAfterDeduction",
    "percentUnresolvedCellsAfterDeductionI1",
    "percentUnresolvedCellsAfterDeductionI2",
    "autoCompleteWasAvailable",
    "gameDateAsPercent"
  ],
  "lambda": 10,
  "transform": "log1p",
  "featureMeans": [
    0.4830917874396135,
    0.0020569142512077295,
    0.42577448048462546,
    0.12208017171818161,
    0.5284979423868315,
    0.7144544130051375,
    0.21876517171351814,
    1.1537944431664235,
    0.8752683843263552,
    0.27095663892608174,
    1.682292385553255,
    0.5892946604299264,
    0.029304213633923774,
    0.29341706878672025,
    0.10379233215025144,
    0.4106280193236715,
    0.5992570050708986
  ],
  "featureStds": [
    0.3548546770392238,
    0.00407348702782588,
    0.28450695481629584,
    0.0838504161562388,
    0.46497877451695613,
    0.1811986539719526,
    0.07257856625706183,
    0.6270329802891381,
    0.2109957466037793,
    0.08732384021597629,
    0.9021712751047287,
    0.42436040640703754,
    0.1569275763484893,
    0.29959777524431835,
    0.22310039174326185,
    0.49194781132757437,
    0.2920715625208849
  ],
  "weights": [
    12.194815301872579,
    0.5940004687494471,
    0.0222156408539458,
    -0.011677273671261082,
    -0.013643470710274082,
    0.006236586561915624,
    0.0010598396381924276,
    -0.1514790008452902,
    -0.10404377779062542,
    0.0629351222673436,
    -0.13450989646044945,
    -0.06909885230455597,
    -0.007351438860316398,
    0.050445251595044954,
    0.06811418430427979,
    0.0964156185961446,
    -0.010103125684535072,
    -0.06965632887136532
  ],
  "perSizeMeans": {},
  "globalMean": 386677.2995169082
}