{
  "version": 1,
  "modelType": "ridge",
  "features": [
    "boardSize",
    "firstIterationFalsePositiveSolutionCountAllMin",
    "firstIterationGuaranteedRequiredCellCountMax",
    "firstIterationGuaranteedRequiredCellCountStd",
    "firstIterationGuaranteedUnusableCellCountAllMax",
    "firstIterationGuaranteedUnusableCellCountAllStd",
    "firstIterationActionableCellCountMax",
    "firstIterationActionableCellCountStd",
    "deductionIterations",
    "unresolvedCellCountAfterDeduction",
    "percentUnresolvedCellsAfterDeduction"
  ],
  "lambda": 10,
  "transform": "log1p",
  "featureMeans": [
    7.047169811320755,
    0.5094339622641509,
    2.688679245283019,
    0.7476094177693152,
    5.028301886792453,
    1.500492920748206,
    6.066037735849057,
    1.8170600418750158,
    2.19811320754717,
    1.2264150943396226,
    0.016811524574889353
  ],
  "featureStds": [
    1.37622724286155,
    0.9540903305487188,
    1.8189941630035384,
    0.4892523981222183,
    1.469549713924151,
    0.4587920249260503,
    1.4554313885848045,
    0.46208486625670186,
    1.0588335636378068,
    8.971951070774718,
    0.12140331843748109
  ],
  "weights": [
    12.316413744979853,
    0.5739430219566999,
    0.23743100169658768,
    0.030046269804359777,
    -0.013416000871659898,
    0.09417069653175225,
    -0.17452924023738994,
    0.1647041010939842,
    -0.10439067896858693,
    0.16019478056208308,
    0.053554889912154936,
    0.05987645731598205
  ],
  "perSizeMeans": {},
  "globalMean": 398304.8490566038
}