{
  "version": 1,
  "modelType": "ridge",
  "features": [
    "boardSize",
    "firstIterationUnusableCellCountVsGoalAllSum",
    "deductionIterations",
    "percentUnresolvedCellsAfterDeduction",
    "percentUnresolvedCellsAfterDeductionI2",
    "gameDateAsPercent",
    "percentUnresolvedCellsAfterDeductionI4",
    "percentUnresolvedCellsAfterDeductionI5",
    "goalSumAllMean",
    "goalSumAllMax",
    "firstIterationActionableCellAllCountMin",
    "firstIterationGuaranteedRequiredCellCountStd",
    "firstIterationFalsePositiveSolutionCountAllMax",
    "cellCountLargerThanTargetAllStd",
    "firstIterationGuaranteedRequiredCellCountMean",
    "firstIterationUnusableCellCountVsGoalAllStd",
    "goalSumAllStd",
    "firstIterationGuaranteedRequiredCellCountMax"
  ],
  "lambda": 10,
  "transform": "log1p",
  "featureMeans": [
    0.47689075630252103,
    5.90878778422415,
    2.1365546218487395,
    0.023896248314140466,
    0.09441413800970123,
    0.6020942787800213,
    0.008636788048552755,
    0.0012968150223052186,
    2.0309585467785,
    4.050616913432038,
    0.007913165266106444,
    0.12223152959111774,
    0.07687352284663866,
    0.1690708233305519,
    0.08778960768610806,
    0.6032433949822035,
    0.9819791407134976,
    0.4292116846738698
  ],
  "featureStds": [
    0.34336691279928316,
    4.929144469158371,
    1.0001301906636737,
    0.1420897417268545,
    0.20923292807663266,
    0.2643290644527471,
    0.07301180059357895,
    0.026618125803389528,
    0.4324905319255194,
    0.8026317585711743,
    0.04294738626823922,
    0.08177967011006358,
    0.02349173107789234,
    0.0797359078701416,
    0.08835846498734329,
    0.46989663166021556,
    0.22272017281799292,
    0.27851752410998526
  ],
  "weights": [
    12.068419627007515,
    0.7075342594215208,
    -0.07017967863610189,
    0.11292709444809254,
    0.09909139130419307,
    0.10953055564871893,
    -0.10692038156044789,
    -0.05318895378683377,
    0.051286350966518214,
    0.10789370104096237,
    -0.02557726028791551,
    0.0381717045439241,
    -0.03778197573020942,
    0.029336420161925843,
    -0.18439133341714675,
    -0.09928315372005227,
    0.06759232612422382,
    0.023934231464222237,
    0.03455210684322713
  ],
  "perSizeMeans": {},
  "globalMean": 334211.10294117645
}