{
  "version": 1,
  "modelType": "ridge",
  "features": [
    "percentUnresolvedCellsAfterDeductionI2",
    "goalSumAllMean",
    "gameDateAsPercent",
    "breaksMinutes",
    "firstIterationUnusableCellCountVsGoalAllMean",
    "cellCountLargerThanTargetAllStd",
    "firstIterationUnusableCellCountVsGoalAllSum",
    "cellCountLargerThanTargetAllMax",
    "goalSumAllStd",
    "goalSumAllMax",
    "firstIterationGuaranteedRequiredCellCountMax",
    "percentUnresolvedCellsAfterDeductionI4",
    "firstIterationGuaranteedRequiredCellCountSum",
    "firstIterationRequiredCellCountVsGoalAllMean",
    "firstIterationUnusableCellCountVsGoalAllStd",
    "firstIterationActionableCellAllCountMax",
    "firstIterationActionableCellAllCountSum",
    "deductionIterations",
    "percentUnresolvedCellsAfterDeduction",
    "firstIterationFalsePositiveSolutionCountAllSum",
    "percentUnresolvedCellsAfterDeductionI5",
    "firstIterationGuaranteedUnusableCellCountAllMax",
    "firstIterationUnusableCellCountVsGoalAllMax",
    "goalVsTotalAllMean"
  ],
  "lambda": 0.01,
  "transform": "log1p",
  "featureMeans": [
    0.10174682747878692,
    2.0468327167727765,
    0.5899997010723649,
    2.35441984932862,
    0.2951240084067156,
    0.1691767049342068,
    5.88704347281976,
    0.5830465519541148,
    0.9905913352398182,
    4.0748821750922595,
    0.4319183228847094,
    0.009094996023100599,
    0.509450817363983,
    0.05468851635724578,
    0.6028737571455806,
    0.8711929216130897,
    1.6357928356527793,
    2.134453781512605,
    0.02964843344745305,
    0.22998001283846878,
    0.001729086696406958,
    0.7087857365168303,
    2.4501175647927016,
    0.4109398665661258
  ],
  "featureStds": [
    0.22358209496190826,
    0.44248836576908257,
    0.2621303830038698,
    11.87781007413919,
    0.24380898142534313,
    0.07879624318824234,
    4.922532674008554,
    0.23458863242596817,
    0.22801025603769123,
    0.8126647637027046,
    0.28424329774732987,
    0.07521583572908132,
    0.45155990920427347,
    0.05407993052835572,
    0.46905823177009,
    0.20802307470622816,
    0.8644506475362019,
    1.0283736834136723,
    0.15921712205590313,
    0.05359449096769626,
    0.030723802822011665,
    0.18107973723822746,
    1.988007724218977,
    0.0807258246275655
  ],
  "weights": [
    12.140514675806074,
    0.2365544214339022,
    0.19467436750797373,
    -0.09220868709935284,
    0.06741038579043737,
    -1.161776207375086,
    -0.20661867318622826,
    1.4860459904018943,
    0.09073137356575822,
    0.12963962225377557,
    -0.06045468046837827,
    0.0907826659131976,
    -0.06839328943584724,
    -0.2214296484126555,
    0.20869251416856946,
    -0.6084589591318729,
    -0.047045497740209156,
    -0.4879701405900827,
    0.16842255268185524,
    0.1326018888516882,
    -0.05781285292106747,
    0.04281001648845774,
    -0.031186951512956015,
    0.3279020101724651,
    -0.11897626326562241
  ],
  "perSizeMeans": {},
  "globalMean": 364241.8963585434
}