{
  "selectedModel": {
    "version": 1,
    "modelType": "ridge",
    "features": [
      "boardSize",
      "firstIterationUnusableCellCountVsGoalAllSum",
      "firstIterationActionableCellAllCountStd",
      "cellCountLargerThanTargetAllSum",
      "deductionIterations",
      "percentUnresolvedCellsAfterDeduction",
      "percentUnresolvedCellsAfterDeductionI2",
      "gameDateAsPercent",
      "percentUnresolvedCellsAfterDeductionI4",
      "percentUnresolvedCellsAfterDeductionI5",
      "goalSumAllMean",
      "goalSumAllMax",
      "firstIterationActionableCellAllCountMin",
      "firstIterationRequiredCellCountVsGoalAllMax",
      "firstIterationUnusableCellCountVsGoalAllMean",
      "firstIterationGuaranteedRequiredCellCountStd",
      "firstIterationFalsePositiveSolutionCountAllMax",
      "cellCountLargerThanTargetAllStd",
      "firstIterationGuaranteedUnusableCellCountAllStd"
    ],
    "lambda": 10,
    "transform": "log1p",
    "featureMeans": [
      0.4728132387706856,
      6.003398567957527,
      0.2676134440639142,
      0.5978420078301878,
      2.1134751773049647,
      0.026715224878148435,
      0.09607559204401488,
      0.6126782157548841,
      0.009368706768233955,
      0.00145930011966261,
      2.0311478638824414,
      4.051582610979772,
      0.007486209613869189,
      0.3776141726014336,
      0.30726493833617013,
      0.12360061542869573,
      0.07695220153664302,
      0.17149526972244658,
      0.2158080792097233
    ],
    "featureStds": [
      0.3474403268520802,
      4.9825356751508805,
      0.08435803496187318,
      0.43001990660290657,
      1.013564260139001,
      0.1504494970780983,
      0.2146716047927177,
      0.2694114502121282,
      0.07725841903389229,
      0.028232294616481083,
      0.44165055615120613,
      0.8144067679800058,
      0.04021430321194642,
      0.33406642438010087,
      0.2640271777956002,
      0.08302990126923064,
      0.024090128955304525,
      0.0797920866790334,
      0.06959260091632229
    ],
    "weights": [
      12.06481842741893,
      0.7037992241575491,
      0.1045796555865029,
      -0.08130255006873569,
      -0.05664522535397884,
      0.11028691503170707,
      0.09612015326233612,
      0.0822316405239034,
      -0.11721782576200654,
      -0.056965851381442244,
      0.050822140328429556,
      0.11231281169676774,
      -0.02211070870410657,
      0.004880440850019324,
      0.0325354555034187,
      -0.09190331752925131,
      -0.04081914062678704,
      0.021117245287981003,
      -0.03792324863369555,
      -0.122275455214999
    ],
    "perSizeMeans": {},
    "globalMean": 341596.8865248227
  },
  "metrics": {
    "rmse": 171065.67632291326,
    "mae": 81876.20995628946,
    "r2": 0.8760303351821045
  },
  "perSizeRmse": {
    "0": 14684.993412276135,
    "1": 359896.9887013707,
    "0.5": 64373.32731390627,
    "0.75": 161426.36377039022,
    "0.25": 29199.265370818583
  },
  "perSizeMae": {
    "0": 11299.094934785186,
    "1": 263424.85527890857,
    "0.5": 48509.50810456655,
    "0.75": 95553.7192858605,
    "0.25": 21455.570991718007
  },
  "baseline": {
    "model": {
      "version": 1,
      "modelType": "baseline",
      "features": [
        "boardSize",
        "firstIterationUnusableCellCountVsGoalAllSum",
        "firstIterationActionableCellAllCountStd",
        "cellCountLargerThanTargetAllSum",
        "deductionIterations",
        "percentUnresolvedCellsAfterDeduction",
        "percentUnresolvedCellsAfterDeductionI2",
        "gameDateAsPercent",
        "percentUnresolvedCellsAfterDeductionI4",
        "percentUnresolvedCellsAfterDeductionI5",
        "goalSumAllMean",
        "goalSumAllMax",
        "firstIterationActionableCellAllCountMin",
        "firstIterationRequiredCellCountVsGoalAllMax",
        "firstIterationUnusableCellCountVsGoalAllMean",
        "firstIterationGuaranteedRequiredCellCountStd",
        "firstIterationFalsePositiveSolutionCountAllMax",
        "cellCountLargerThanTargetAllStd",
        "firstIterationGuaranteedUnusableCellCountAllStd"
      ],
      "perSizeMeans": {
        "0": 45957.705882352944,
        "1": 1077476.5384615385,
        "0.5": 209731.27777777778,
        "0.75": 407696.85507246375,
        "0.25": 94445.64356435643
      },
      "globalMean": 341596.8865248227
    },
    "metrics": {
      "rmse": 317685.8970589381,
      "mae": 144472.8162372949,
      "r2": 0.5724513485200164
    },
    "perSizeRmse": {
      "0": 19412.17023315047,
      "1": 674671.7575023307,
      "0.5": 84386.57737243084,
      "0.75": 303510.7243377902,
      "0.25": 39511.00904597384
    },
    "perSizeMae": {
      "0": 13983.71833910035,
      "1": 499140.69526829215,
      "0.5": 64559.58117283954,
      "0.75": 180365.164968003,
      "0.25": 27077.745448294823
    }
  },
  "ridgeCandidates": [
    {
      "model": {
        "modelType": "ridge",
        "lambda": 10,
        "transform": "log1p"
      },
      "metrics": {
        "rmse": 171065.67632291326,
        "mae": 81876.20995628946,
        "r2": 0.8760303351821045
      }
    },
    {
      "model": {
        "modelType": "ridge",
        "lambda": 100,
        "transform": "log1p"
      },
      "metrics": {
        "rmse": 201300.63103036964,
        "mae": 96439.99164123781,
        "r2": 0.8283357177171515
      }
    },
    {
      "model": {
        "modelType": "ridge",
        "lambda": 1,
        "transform": "log1p"
      },
      "metrics": {
        "rmse": 206201.7035930178,
        "mae": 87439.66549550337,
        "r2": 0.8198749279635305
      }
    },
    {
      "model": {
        "modelType": "ridge",
        "lambda": 0.1,
        "transform": "log1p"
      },
      "metrics": {
        "rmse": 218151.68293936006,
        "mae": 88638.49157033702,
        "r2": 0.7983924439855283
      }
    },
    {
      "model": {
        "modelType": "ridge",
        "lambda": 0.01,
        "transform": "log1p"
      },
      "metrics": {
        "rmse": 219534.26999997025,
        "mae": 88770.96903964288,
        "r2": 0.7958288764319434
      }
    },
    {
      "model": {
        "modelType": "ridge",
        "lambda": 0.001,
        "transform": "log1p"
      },
      "metrics": {
        "rmse": 219674.65587376937,
        "mae": 88784.36042244865,
        "r2": 0.7955676697776244
      }
    },
    {
      "model": {
        "modelType": "ridge",
        "lambda": 0.0001,
        "transform": "log1p"
      },
      "metrics": {
        "rmse": 219688.7160302586,
        "mae": 88785.70102094382,
        "r2": 0.7955414997806479
      }
    },
    {
      "model": {
        "modelType": "ridge",
        "lambda": 0.00001,
        "transform": "log1p"
      },
      "metrics": {
        "rmse": 219690.12226190305,
        "mae": 88785.83509542006,
        "r2": 0.7955388822867833
      }
    }
  ],
  "predictionForGame27": 14.351907687812538
}