{
  "selectedModel": {
    "version": 1,
    "modelType": "ridge",
    "features": [
      "boardSize",
      "allExactCombinationCountMin",
      "allExactCombinationCountMax",
      "allExactCombinationCountStd",
      "allAlwaysRequiredCountMax",
      "allAlwaysRequiredCountStd",
      "allNeverUsedCountMax",
      "allNeverUsedCountStd",
      "allNeverAndAlwaysCountMax",
      "allNeverAndAlwaysCountStd"
    ],
    "lambda": 1,
    "transform": "log1p",
    "featureMeans": [
      6.9,
      1.35,
      12.45,
      2.882977764921063,
      2.65,
      0.7410708036517943,
      5.25,
      1.625542169714734,
      6.25,
      1.9321705802897184
    ],
    "featureStds": [
      1.260952021291849,
      0.7262919523166975,
      7.716702663702937,
      1.7978802871558495,
      1.8513508581573617,
      0.44546212530467244,
      1.1346805717910218,
      0.3543303056678051,
      1.1346805717910218,
      0.3762173542380601
    ],
    "weights": [
      12.232629947553686,
      0.4276038084348234,
      0.27285859561768455,
      0.20365512469493174,
      0.030028813274095942,
      0.08751648577697313,
      0.01276529859988438,
      0.05761627004837452,
      -0.08887889531669882,
      0.12173660299315896,
      -0.01962877073098542
    ],
    "perSizeMeans": {},
    "globalMean": 319929.9
  },
  "metrics": {
    "rmse": 339466.82708641194,
    "mae": 174753.80659466097,
    "r2": 0.7085872000179976
  },
  "perSizeRmse": {
    "5": 28865.198894532765,
    "6": 28687.333070763572,
    "7": 102426.92638322976,
    "8": 238408.0632291571,
    "9": 757352.253628502
  },
  "baseline": {
    "model": {
      "version": 1,
      "modelType": "baseline",
      "features": [
        "boardSize",
        "allExactCombinationCountMin",
        "allExactCombinationCountMax",
        "allExactCombinationCountStd",
        "allAlwaysRequiredCountMax",
        "allAlwaysRequiredCountStd",
        "allNeverUsedCountMax",
        "allNeverUsedCountStd",
        "allNeverAndAlwaysCountMax",
        "allNeverAndAlwaysCountStd"
      ],
      "perSizeMeans": {
        "5": 59483.333333333336,
        "6": 114075.6,
        "7": 215154.66666666666,
        "8": 444850,
        "9": 1008097.3333333334
      },
      "globalMean": 319929.9
    },
    "metrics": {
      "rmse": 508957.0084808827,
      "mae": 249946.7878787878,
      "r2": 0.3449474529774055
    },
    "perSizeRmse": {
      "5": 34470.245305835066,
      "6": 33692.48731878765,
      "7": 129604.29162668789,
      "8": 1101335.960880542,
      "9": 698003.7923107542
    }
  },
  "ridgeCandidates": [
    {
      "model": {
        "modelType": "ridge",
        "lambda": 1,
        "transform": "log1p"
      },
      "metrics": {
        "rmse": 339466.82708641194,
        "mae": 174753.80659466097,
        "r2": 0.7085872000179976
      }
    },
    {
      "model": {
        "modelType": "ridge",
        "lambda": 0.1,
        "transform": "log1p"
      },
      "metrics": {
        "rmse": 348713.91122604307,
        "mae": 182593.17727673874,
        "r2": 0.6924947835452979
      }
    },
    {
      "model": {
        "modelType": "ridge",
        "lambda": 0.001,
        "transform": "none"
      },
      "metrics": {
        "rmse": 368674.5698873335,
        "mae": 198367.05145799974,
        "r2": 0.65628355924677
      }
    },
    {
      "model": {
        "modelType": "ridge",
        "lambda": 0.01,
        "transform": "none"
      },
      "metrics": {
        "rmse": 368708.634024,
        "mae": 201885.46024372612,
        "r2": 0.656220040112689
      }
    },
    {
      "model": {
        "modelType": "ridge",
        "lambda": 0.0001,
        "transform": "none"
      },
      "metrics": {
        "rmse": 368948.3361834924,
        "mae": 199127.3529642557,
        "r2": 0.6557729033907848
      }
    },
    {
      "model": {
        "modelType": "ridge",
        "lambda": 0,
        "transform": "none"
      },
      "metrics": {
        "rmse": 368985.09107630263,
        "mae": 199259.30019214124,
        "r2": 0.6557043156835127
      }
    },
    {
      "model": {
        "modelType": "ridge",
        "lambda": 0.1,
        "transform": "none"
      },
      "metrics": {
        "rmse": 374263.6126072651,
        "mae": 215639.30266520364,
        "r2": 0.645783202614685
      }
    },
    {
      "model": {
        "modelType": "ridge",
        "lambda": 1,
        "transform": "none"
      },
      "metrics": {
        "rmse": 379013.3711050806,
        "mae": 206170.62070374406,
        "r2": 0.636735461455032
      }
    },
    {
      "model": {
        "modelType": "ridge",
        "lambda": 0.01,
        "transform": "log1p"
      },
      "metrics": {
        "rmse": 576358.5291363013,
        "mae": 314898.234201523,
        "r2": 0.15996111428901583
      }
    },
    {
      "model": {
        "modelType": "ridge",
        "lambda": 0.001,
        "transform": "log1p"
      },
      "metrics": {
        "rmse": 747925.6886123285,
        "mae": 431765.7049462052,
        "r2": -0.41459083944553354
      }
    },
    {
      "model": {
        "modelType": "ridge",
        "lambda": 0.0001,
        "transform": "log1p"
      },
      "metrics": {
        "rmse": 780741.2398909613,
        "mae": 452049.8470794547,
        "r2": -0.5414455258401436
      }
    },
    {
      "model": {
        "modelType": "ridge",
        "lambda": 0,
        "transform": "log1p"
      },
      "metrics": {
        "rmse": 784736.8036397949,
        "mae": 454477.59732329607,
        "r2": -0.5572630674815386
      }
    }
  ],
  "predictionForGame27": 33.11302373686895
}