{
  "selectedModel": {
    "version": 1,
    "modelType": "ridge",
    "features": [
      "percentUnresolvedCellsAfterDeductionI2",
      "goalSumAllMean",
      "gameDateAsPercent",
      "breaksMinutes",
      "firstIterationUnusableCellCountVsGoalAllMean",
      "cellCountLargerThanTargetAllStd",
      "firstIterationUnusableCellCountVsGoalAllSum",
      "cellCountLargerThanTargetAllMax",
      "goalSumAllStd",
      "goalSumAllMax",
      "firstIterationGuaranteedRequiredCellCountMax",
      "percentUnresolvedCellsAfterDeductionI4",
      "firstIterationGuaranteedRequiredCellCountSum",
      "firstIterationRequiredCellCountVsGoalAllMean",
      "firstIterationUnusableCellCountVsGoalAllStd",
      "firstIterationActionableCellAllCountMax",
      "firstIterationActionableCellAllCountSum",
      "deductionIterations",
      "percentUnresolvedCellsAfterDeduction",
      "firstIterationFalsePositiveSolutionCountAllSum",
      "percentUnresolvedCellsAfterDeductionI5",
      "firstIterationGuaranteedUnusableCellCountAllMax",
      "firstIterationUnusableCellCountVsGoalAllMax",
      "goalVsTotalAllMean"
    ],
    "lambda": 0.01,
    "transform": "log1p",
    "featureMeans": [
      0.10174682747878692,
      2.0468327167727765,
      0.5899997010723649,
      2.35441984932862,
      0.2951240084067156,
      0.1691767049342068,
      5.88704347281976,
      0.5830465519541148,
      0.9905913352398182,
      4.0748821750922595,
      0.4319183228847094,
      0.009094996023100599,
      0.509450817363983,
      0.05468851635724578,
      0.6028737571455806,
      0.8711929216130897,
      1.6357928356527793,
      2.134453781512605,
      0.02964843344745305,
      0.22998001283846878,
      0.001729086696406958,
      0.7087857365168303,
      2.4501175647927016,
      0.4109398665661258
    ],
    "featureStds": [
      0.22358209496190826,
      0.44248836576908257,
      0.2621303830038698,
      11.87781007413919,
      0.24380898142534313,
      0.07879624318824234,
      4.922532674008554,
      0.23458863242596817,
      0.22801025603769123,
      0.8126647637027046,
      0.28424329774732987,
      0.07521583572908132,
      0.45155990920427347,
      0.05407993052835572,
      0.46905823177009,
      0.20802307470622816,
      0.8644506475362019,
      1.0283736834136723,
      0.15921712205590313,
      0.05359449096769626,
      0.030723802822011665,
      0.18107973723822746,
      1.988007724218977,
      0.0807258246275655
    ],
    "weights": [
      12.140514675806074,
      0.2365544214339022,
      0.19467436750797373,
      -0.09220868709935284,
      0.06741038579043737,
      -1.161776207375086,
      -0.20661867318622826,
      1.4860459904018943,
      0.09073137356575822,
      0.12963962225377557,
      -0.06045468046837827,
      0.0907826659131976,
      -0.06839328943584724,
      -0.2214296484126555,
      0.20869251416856946,
      -0.6084589591318729,
      -0.047045497740209156,
      -0.4879701405900827,
      0.16842255268185524,
      0.1326018888516882,
      -0.05781285292106747,
      0.04281001648845774,
      -0.031186951512956015,
      0.3279020101724651,
      -0.11897626326562241
    ],
    "perSizeMeans": {},
    "globalMean": 364241.8963585434
  },
  "metrics": {
    "rmse": 171420.69204867937,
    "mae": 94657.08172313325,
    "r2": 0.8879630881295469
  },
  "perSizeRmse": {
    "0": 25809.907356207565,
    "1": 345923.76853943605,
    "0.5": 80162.20323201742,
    "0.75": 159617.81563372735,
    "0.25": 35145.07800461471
  },
  "perSizeMae": {
    "0": 18529.482101855407,
    "1": 277821.71025055385,
    "0.5": 60490.47602836429,
    "0.75": 104532.25160440113,
    "0.25": 27673.050180682625
  },
  "baseline": {
    "model": {
      "version": 1,
      "modelType": "baseline",
      "features": [
        "percentUnresolvedCellsAfterDeductionI2",
        "goalSumAllMean",
        "gameDateAsPercent",
        "breaksMinutes",
        "firstIterationUnusableCellCountVsGoalAllMean",
        "cellCountLargerThanTargetAllStd",
        "firstIterationUnusableCellCountVsGoalAllSum",
        "cellCountLargerThanTargetAllMax",
        "goalSumAllStd",
        "goalSumAllMax",
        "firstIterationGuaranteedRequiredCellCountMax",
        "percentUnresolvedCellsAfterDeductionI4",
        "firstIterationGuaranteedRequiredCellCountSum",
        "firstIterationRequiredCellCountVsGoalAllMean",
        "firstIterationUnusableCellCountVsGoalAllStd",
        "firstIterationActionableCellAllCountMax",
        "firstIterationActionableCellAllCountSum",
        "deductionIterations",
        "percentUnresolvedCellsAfterDeduction",
        "firstIterationFalsePositiveSolutionCountAllSum",
        "percentUnresolvedCellsAfterDeductionI5",
        "firstIterationGuaranteedUnusableCellCountAllMax",
        "firstIterationUnusableCellCountVsGoalAllMax",
        "goalVsTotalAllMean"
      ],
      "perSizeMeans": {
        "0": 48616.42424242424,
        "1": 1114132.7428571428,
        "0.5": 214555.6,
        "0.75": 410768.56140350876,
        "0.25": 98311.01190476191
      },
      "globalMean": 364241.8963585434
    },
    "metrics": {
      "rmse": 338822.2311103669,
      "mae": 157103.90395193343,
      "r2": 0.5622980944637531
    },
    "perSizeRmse": {
      "0": 19018.30220914596,
      "1": 699976.5132712711,
      "0.5": 88084.30772618508,
      "0.75": 321807.2029587226,
      "0.25": 40618.61284308875
    },
    "perSizeMae": {
      "0": 13584.537526938468,
      "1": 524168.1045918368,
      "0.5": 68543.09296875,
      "0.75": 186933.06236121696,
      "0.25": 28084.701435051615
    }
  },
  "ridgeCandidates": [
    {
      "model": {
        "modelType": "ridge",
        "lambda": 0.01,
        "transform": "log1p"
      },
      "metrics": {
        "rmse": 171420.69204867937,
        "mae": 94657.08172313325,
        "r2": 0.8879630881295469
      }
    },
    {
      "model": {
        "modelType": "ridge",
        "lambda": 0.001,
        "transform": "log1p"
      },
      "metrics": {
        "rmse": 171439.855289743,
        "mae": 94697.38662808287,
        "r2": 0.8879380373573056
      }
    },
    {
      "model": {
        "modelType": "ridge",
        "lambda": 0.0001,
        "transform": "log1p"
      },
      "metrics": {
        "rmse": 171442.12618052404,
        "mae": 94701.45215803797,
        "r2": 0.8879350685941453
      }
    },
    {
      "model": {
        "modelType": "ridge",
        "lambda": 0.00001,
        "transform": "log1p"
      },
      "metrics": {
        "rmse": 171442.35686324723,
        "mae": 94701.85906383011,
        "r2": 0.8879347670176131
      }
    },
    {
      "model": {
        "modelType": "ridge",
        "lambda": 0.1,
        "transform": "log1p"
      },
      "metrics": {
        "rmse": 171539.68385830044,
        "mae": 94928.7348182538,
        "r2": 0.8878074931222537
      }
    },
    {
      "model": {
        "modelType": "ridge",
        "lambda": 1,
        "transform": "log1p"
      },
      "metrics": {
        "rmse": 182589.76975646845,
        "mae": 99364.64329819863,
        "r2": 0.8728877156784776
      }
    },
    {
      "model": {
        "modelType": "ridge",
        "lambda": 10,
        "transform": "log1p"
      },
      "metrics": {
        "rmse": 208980.5071046365,
        "mae": 109512.38485096107,
        "r2": 0.8334877463202076
      }
    },
    {
      "model": {
        "modelType": "ridge",
        "lambda": 100,
        "transform": "log1p"
      },
      "metrics": {
        "rmse": 1866892.984323304,
        "mae": 220534.4167093352,
        "r2": -12.288424363877322
      }
    }
  ],
  "predictionForGame27": 14.32910126930729
}