{
  "selectedModel": {
    "version": 1,
    "modelType": "ridge",
    "features": [
      "boardSize",
      "firstIterationFalsePositiveSolutionCountAllMin",
      "firstIterationGuaranteedRequiredCellCountMax",
      "firstIterationGuaranteedRequiredCellCountStd",
      "firstIterationGuaranteedUnusableCellCountAllMax",
      "firstIterationGuaranteedUnusableCellCountAllStd",
      "firstIterationActionableCellCountMax",
      "firstIterationActionableCellCountStd"
    ],
    "lambda": 10,
    "transform": "log1p",
    "featureMeans": [
      7.072072072072072,
      0.5765765765765766,
      2.7117117117117115,
      0.7508339202097888,
      4.936936936936937,
      1.4747852565433694,
      5.990990990990991,
      1.795852517089472
    ],
    "featureStds": [
      1.399560495438194,
      1.0530911132398162,
      1.8472642903307872,
      0.49974738589749684,
      1.5143712713117616,
      0.47475956233612165,
      1.479563458235524,
      0.4763659913138704
    ],
    "weights": [
      12.338520929869748,
      0.6710938500529162,
      0.2794915694171059,
      0.013747399065880272,
      -0.04090487115850434,
      0.12160265462761381,
      -0.21401334118913085,
      0.16962942081585597,
      -0.14222806510972652
    ],
    "perSizeMeans": {},
    "globalMean": 416380.3873873874
  },
  "metrics": {
    "rmse": 245240.79179387313,
    "mae": 121829.02853639948,
    "r2": 0.773680342109743
  },
  "perSizeRmse": {
    "5": 23288.25948500914,
    "6": 27603.81375145853,
    "7": 75024.37619856767,
    "8": 263310.64547736425,
    "9": 455632.062597563
  },
  "baseline": {
    "model": {
      "version": 1,
      "modelType": "baseline",
      "features": [
        "boardSize",
        "firstIterationFalsePositiveSolutionCountAllMin",
        "firstIterationGuaranteedRequiredCellCountMax",
        "firstIterationGuaranteedRequiredCellCountStd",
        "firstIterationGuaranteedUnusableCellCountAllMax",
        "firstIterationGuaranteedUnusableCellCountAllStd",
        "firstIterationActionableCellCountMax",
        "firstIterationActionableCellCountStd"
      ],
      "perSizeMeans": {
        "5": 57527.78947368421,
        "6": 101824.73913043478,
        "7": 246509.52,
        "8": 526527.3684210526,
        "9": 1064658.72
      },
      "globalMean": 416380.3873873874
    },
    "metrics": {
      "rmse": 366526.33468462573,
      "mae": 189533.77827498558,
      "r2": 0.49446965878596627
    },
    "perSizeRmse": {
      "5": 23940.05962068428,
      "6": 30584.55873271052,
      "7": 99830.56842931427,
      "8": 498880.87900446064,
      "9": 629335.9829477137
    }
  },
  "ridgeCandidates": [
    {
      "model": {
        "modelType": "ridge",
        "lambda": 10,
        "transform": "log1p"
      },
      "metrics": {
        "rmse": 245240.79179387313,
        "mae": 121829.02853639948,
        "r2": 0.773680342109743
      }
    },
    {
      "model": {
        "modelType": "ridge",
        "lambda": 1,
        "transform": "log1p"
      },
      "metrics": {
        "rmse": 253343.9205762112,
        "mae": 125198.71586488235,
        "r2": 0.7584773679316231
      }
    },
    {
      "model": {
        "modelType": "ridge",
        "lambda": 0.1,
        "transform": "log1p"
      },
      "metrics": {
        "rmse": 256027.95936786692,
        "mae": 125998.67952619826,
        "r2": 0.7533326613238017
      }
    },
    {
      "model": {
        "modelType": "ridge",
        "lambda": 0.01,
        "transform": "log1p"
      },
      "metrics": {
        "rmse": 256329.03297652552,
        "mae": 126062.36700097237,
        "r2": 0.7527521880692618
      }
    },
    {
      "model": {
        "modelType": "ridge",
        "lambda": 0.001,
        "transform": "log1p"
      },
      "metrics": {
        "rmse": 256359.51279073147,
        "mae": 126068.40825478786,
        "r2": 0.7526933846217096
      }
    },
    {
      "model": {
        "modelType": "ridge",
        "lambda": 0.0001,
        "transform": "log1p"
      },
      "metrics": {
        "rmse": 256362.5645722706,
        "mae": 126069.00886065279,
        "r2": 0.7526874965604682
      }
    },
    {
      "model": {
        "modelType": "ridge",
        "lambda": 10,
        "transform": "none"
      },
      "metrics": {
        "rmse": 272930.55972641375,
        "mae": 158666.3341626862,
        "r2": 0.719688322505768
      }
    },
    {
      "model": {
        "modelType": "ridge",
        "lambda": 1,
        "transform": "none"
      },
      "metrics": {
        "rmse": 273049.8879684187,
        "mae": 159569.4577145832,
        "r2": 0.7194431582275025
      }
    },
    {
      "model": {
        "modelType": "ridge",
        "lambda": 0.1,
        "transform": "none"
      },
      "metrics": {
        "rmse": 276026.9353641622,
        "mae": 160417.92659362775,
        "r2": 0.7132920166941537
      }
    },
    {
      "model": {
        "modelType": "ridge",
        "lambda": 0.01,
        "transform": "none"
      },
      "metrics": {
        "rmse": 276503.48029618623,
        "mae": 160558.89103368064,
        "r2": 0.7123011918127397
      }
    },
    {
      "model": {
        "modelType": "ridge",
        "lambda": 0.001,
        "transform": "none"
      },
      "metrics": {
        "rmse": 276553.8935296892,
        "mae": 160599.88206810967,
        "r2": 0.7121962734270588
      }
    },
    {
      "model": {
        "modelType": "ridge",
        "lambda": 0.0001,
        "transform": "none"
      },
      "metrics": {
        "rmse": 276558.9637517496,
        "mae": 160603.99152102828,
        "r2": 0.712185720386844
      }
    }
  ],
  "predictionForGame27": 25.900684787355818
}