{
  "selectedModel": {
    "version": 1,
    "modelType": "ridge",
    "features": [
      "boardSize",
      "firstIterationFalsePositiveSolutionCountAllMin",
      "firstIterationGuaranteedRequiredCellCountMax",
      "firstIterationGuaranteedRequiredCellCountStd",
      "firstIterationGuaranteedUnusableCellCountAllMax",
      "firstIterationGuaranteedUnusableCellCountAllStd",
      "firstIterationActionableCellCountMin",
      "firstIterationActionableCellCountMax",
      "firstIterationActionableCellCountStd",
      "deductionIterations",
      "unresolvedCellCountAfterDeduction",
      "percentUnresolvedCellsAfterDeduction"
    ],
    "lambda": 10,
    "transform": "log1p",
    "featureMeans": [
      7.02970297029703,
      0.5148514851485149,
      2.732673267326733,
      0.7594775897418807,
      4.99009900990099,
      1.4929250955217233,
      0.039603960396039604,
      6.0495049504950495,
      1.813725112477193,
      2.1881188118811883,
      1.2871287128712872,
      0.017643778266715558
    ],
    "featureStds": [
      1.3891763037363054,
      0.9710039857382546,
      1.8502934694120086,
      0.4971016981465355,
      1.4724872841821857,
      0.4633507758405318,
      0.19502688716427924,
      1.4513649268759368,
      0.4628954979075898,
      1.0782537338662954,
      9.187094514431445,
      0.12431300614069594
    ],
    "weights": [
      12.302652988963189,
      0.5728521254770556,
      0.24785994785258267,
      0.04854445396495422,
      -0.032873908074822565,
      0.090134303380181,
      -0.1707496237232454,
      0.05587004968888301,
      0.16334029268962688,
      -0.09554733985498755,
      0.1750016992020503,
      0.05742945004447039,
      0.06254711828541909
    ],
    "perSizeMeans": {},
    "globalMean": 400515.5346534653
  },
  "metrics": {
    "rmse": 203159.19539808607,
    "mae": 100647.60965650306,
    "r2": 0.8425429117210657
  },
  "perSizeRmse": {
    "5": 24751.69531248726,
    "6": 27033.974977224305,
    "7": 73574.08084820522,
    "8": 183290.16407405434,
    "9": 403145.1870522065
  },
  "baseline": {
    "model": {
      "version": 1,
      "modelType": "baseline",
      "features": [
        "boardSize",
        "firstIterationFalsePositiveSolutionCountAllMin",
        "firstIterationGuaranteedRequiredCellCountMax",
        "firstIterationGuaranteedRequiredCellCountStd",
        "firstIterationGuaranteedUnusableCellCountAllMax",
        "firstIterationGuaranteedUnusableCellCountAllStd",
        "firstIterationActionableCellCountMin",
        "firstIterationActionableCellCountMax",
        "firstIterationActionableCellCountStd",
        "deductionIterations",
        "unresolvedCellCountAfterDeduction",
        "percentUnresolvedCellsAfterDeduction"
      ],
      "perSizeMeans": {
        "5": 58631.88888888889,
        "6": 103381.09523809524,
        "7": 241077.13043478262,
        "8": 528724.8333333334,
        "9": 1055422.4285714286
      },
      "globalMean": 400515.5346534653
    },
    "metrics": {
      "rmse": 372485.04947442585,
      "mae": 188795.41029094288,
      "r2": 0.47069385019893073
    },
    "perSizeRmse": {
      "5": 26641.37849554216,
      "6": 31624.508211919918,
      "7": 101712.90194538957,
      "8": 499706.79503975634,
      "9": 663569.266332051
    }
  },
  "ridgeCandidates": [
    {
      "model": {
        "modelType": "ridge",
        "lambda": 10,
        "transform": "log1p"
      },
      "metrics": {
        "rmse": 203159.19539808607,
        "mae": 100647.60965650306,
        "r2": 0.8425429117210657
      }
    },
    {
      "model": {
        "modelType": "ridge",
        "lambda": 1,
        "transform": "log1p"
      },
      "metrics": {
        "rmse": 220951.54542665606,
        "mae": 112851.509525794,
        "r2": 0.8137555521114056
      }
    },
    {
      "model": {
        "modelType": "ridge",
        "lambda": 10,
        "transform": "none"
      },
      "metrics": {
        "rmse": 229594.98227734503,
        "mae": 137959.91990484728,
        "r2": 0.7988990914202561
      }
    },
    {
      "model": {
        "modelType": "ridge",
        "lambda": 1,
        "transform": "none"
      },
      "metrics": {
        "rmse": 231561.92624422442,
        "mae": 143973.92420621106,
        "r2": 0.7954386623232905
      }
    },
    {
      "model": {
        "modelType": "ridge",
        "lambda": 0.1,
        "transform": "none"
      },
      "metrics": {
        "rmse": 235300.0299214779,
        "mae": 146581.03534883878,
        "r2": 0.7887808879111192
      }
    },
    {
      "model": {
        "modelType": "ridge",
        "lambda": 0.01,
        "transform": "none"
      },
      "metrics": {
        "rmse": 236150.33301103467,
        "mae": 147317.8516858526,
        "r2": 0.7872515657589799
      }
    },
    {
      "model": {
        "modelType": "ridge",
        "lambda": 0.001,
        "transform": "none"
      },
      "metrics": {
        "rmse": 236250.0546938717,
        "mae": 147398.2295535357,
        "r2": 0.7870718487872796
      }
    },
    {
      "model": {
        "modelType": "ridge",
        "lambda": 0.0001,
        "transform": "none"
      },
      "metrics": {
        "rmse": 236260.20954915351,
        "mae": 147406.34601825807,
        "r2": 0.7870535435975989
      }
    },
    {
      "model": {
        "modelType": "ridge",
        "lambda": 0.1,
        "transform": "log1p"
      },
      "metrics": {
        "rmse": 241395.99723821145,
        "mae": 120856.33013840325,
        "r2": 0.7776949252834799
      }
    },
    {
      "model": {
        "modelType": "ridge",
        "lambda": 0.01,
        "transform": "log1p"
      },
      "metrics": {
        "rmse": 245068.98241590682,
        "mae": 122053.11569367914,
        "r2": 0.7708784477965207
      }
    },
    {
      "model": {
        "modelType": "ridge",
        "lambda": 0.001,
        "transform": "log1p"
      },
      "metrics": {
        "rmse": 245466.20721007316,
        "mae": 122180.15064518855,
        "r2": 0.7701350936567076
      }
    },
    {
      "model": {
        "modelType": "ridge",
        "lambda": 0.0001,
        "transform": "log1p"
      },
      "metrics": {
        "rmse": 245506.25714866963,
        "mae": 122192.9360013959,
        "r2": 0.7700600786351725
      }
    }
  ],
  "predictionForGame27": 49.0102335399839
}