{
  "selectedModel": {
    "version": 1,
    "modelType": "ridge",
    "features": [
      "boardSize",
      "firstIterationFalsePositiveSolutionCountAllMin",
      "firstIterationGuaranteedRequiredCellCountMax",
      "firstIterationGuaranteedRequiredCellCountStd",
      "firstIterationGuaranteedRequiredCellCountSum",
      "firstIterationGuaranteedUnusableCellCountAllMax",
      "firstIterationGuaranteedUnusableCellCountAllStd",
      "firstIterationGuaranteedUnusableCellCountAllSum",
      "firstIterationActionableCellAllCountMax",
      "firstIterationActionableCellAllCountStd",
      "firstIterationActionableCellAllCountSum",
      "requiredSumAllMean",
      "requiredSumAllStd",
      "cellCountLargerThanTargetAllSum",
      "deductionIterations",
      "percentUnresolvedCellsAfterDeduction",
      "percentUnresolvedCellsAfterDeductionI1",
      "percentUnresolvedCellsAfterDeductionI2",
      "autoCompleteWasAvailable",
      "gameDateAsPercent"
    ],
    "lambda": 10,
    "transform": "log1p",
    "featureMeans": [
      0.4749034749034749,
      0.0020209942084942084,
      0.42913985413985406,
      0.12312158510713396,
      0.530135747992891,
      0.7175798247226826,
      0.2183486465448733,
      1.1558650487221913,
      0.8784856284856284,
      0.27204336047333966,
      1.6860007967150825,
      2.0408412238769387,
      0.9891451518813428,
      0.5931242466956753,
      2.111969111969112,
      0.030570749320749314,
      0.29077215578065924,
      0.10239517031608873,
      0.528957528957529,
      0.601623814098417
    ],
    "featureStds": [
      0.35266154373291025,
      0.004030011961694992,
      0.2832338934112402,
      0.08376077811497112,
      0.46626264340868206,
      0.1769143018921243,
      0.07105529225452602,
      0.6263729872009071,
      0.20739334615557103,
      0.08695211219462247,
      0.8994335637868744,
      0.44695348576449084,
      0.23428745664084258,
      0.43690820252124846,
      1.054046982594691,
      0.16142749297140316,
      0.29812644803069344,
      0.2253163321332316,
      0.4991607571881758,
      0.27987566795487495
    ],
    "weights": [
      12.14431431412612,
      0.6098557958821663,
      0.01622173220187232,
      -0.0021925547807745234,
      -0.04012466358877676,
      -0.034851928970841634,
      0.004658994472151278,
      -0.1258154944791791,
      -0.0608820418007857,
      0.0267610224978733,
      -0.11761826849849986,
      -0.060465854410114095,
      0.15392288510275567,
      -0.026092726569173257,
      0.036562243692346105,
      0.07963888103190588,
      0.07889090692793738,
      0.01579736049602278,
      0.09046705861422365,
      -0.012046252099491714,
      -0.08775676273519485
    ],
    "perSizeMeans": {},
    "globalMean": 380164.6911196911
  },
  "metrics": {
    "rmse": 227857.9821414597,
    "mae": 103196.59784579778,
    "r2": 0.8295225254759204
  },
  "perSizeRmse": {
    "0": 15755.038989703633,
    "1": 475559.5910446204,
    "0.5": 71118.92099407692,
    "0.75": 189110.26302914243,
    "0.25": 33218.22996260034
  },
  "perSizeMae": {
    "0": 12072.514841146083,
    "1": 337475.8321049216,
    "0.5": 56167.032231551544,
    "0.75": 107779.06978554357,
    "0.25": 23051.68686873709
  },
  "baseline": {
    "model": {
      "version": 1,
      "modelType": "baseline",
      "features": [
        "boardSize",
        "firstIterationFalsePositiveSolutionCountAllMin",
        "firstIterationGuaranteedRequiredCellCountMax",
        "firstIterationGuaranteedRequiredCellCountStd",
        "firstIterationGuaranteedRequiredCellCountSum",
        "firstIterationGuaranteedUnusableCellCountAllMax",
        "firstIterationGuaranteedUnusableCellCountAllStd",
        "firstIterationGuaranteedUnusableCellCountAllSum",
        "firstIterationActionableCellAllCountMax",
        "firstIterationActionableCellAllCountStd",
        "firstIterationActionableCellAllCountSum",
        "requiredSumAllMean",
        "requiredSumAllStd",
        "cellCountLargerThanTargetAllSum",
        "deductionIterations",
        "percentUnresolvedCellsAfterDeduction",
        "percentUnresolvedCellsAfterDeductionI1",
        "percentUnresolvedCellsAfterDeductionI2",
        "autoCompleteWasAvailable",
        "gameDateAsPercent"
      ],
      "perSizeMeans": {
        "0": 50245.64150943396,
        "1": 1157700.6346153845,
        "0.5": 225294.44642857142,
        "0.75": 456132.13513513515,
        "0.25": 100095.4918032787
      },
      "globalMean": 380164.6911196911
    },
    "metrics": {
      "rmse": 378874.4181430267,
      "mae": 179536.04467546835,
      "r2": 0.5286656692480873
    },
    "perSizeRmse": {
      "0": 20927.53494322526,
      "1": 770474.7940895968,
      "0.5": 87216.78425844746,
      "0.75": 393727.8825936323,
      "0.25": 45185.14498432722
    },
    "perSizeMae": {
      "0": 15488.797467560962,
      "1": 598372.0274725273,
      "0.5": 67506.88253968253,
      "0.75": 241449.574619447,
      "0.25": 30320.724482825924
    }
  },
  "ridgeCandidates": [
    {
      "model": {
        "modelType": "ridge",
        "lambda": 10,
        "transform": "log1p"
      },
      "metrics": {
        "rmse": 227857.9821414597,
        "mae": 103196.59784579778,
        "r2": 0.8295225254759204
      }
    },
    {
      "model": {
        "modelType": "ridge",
        "lambda": 1,
        "transform": "log1p"
      },
      "metrics": {
        "rmse": 231911.15807437745,
        "mae": 104041.5883499288,
        "r2": 0.8234036194667118
      }
    },
    {
      "model": {
        "modelType": "ridge",
        "lambda": 0.1,
        "transform": "log1p"
      },
      "metrics": {
        "rmse": 232727.55147549335,
        "mae": 104298.12625778951,
        "r2": 0.8221580917878186
      }
    },
    {
      "model": {
        "modelType": "ridge",
        "lambda": 0.01,
        "transform": "log1p"
      },
      "metrics": {
        "rmse": 232804.28487983963,
        "mae": 104326.32886748435,
        "r2": 0.8220407987155602
      }
    },
    {
      "model": {
        "modelType": "ridge",
        "lambda": 0.001,
        "transform": "log1p"
      },
      "metrics": {
        "rmse": 232811.83526496385,
        "mae": 104329.14330278175,
        "r2": 0.822029255265698
      }
    },
    {
      "model": {
        "modelType": "ridge",
        "lambda": 0.0001,
        "transform": "log1p"
      },
      "metrics": {
        "rmse": 232812.5889630384,
        "mae": 104329.42448517926,
        "r2": 0.8220281029494972
      }
    },
    {
      "model": {
        "modelType": "ridge",
        "lambda": 10,
        "transform": "none"
      },
      "metrics": {
        "rmse": 244088.20833252423,
        "mae": 126456.52805464092,
        "r2": 0.8043715075836431
      }
    },
    {
      "model": {
        "modelType": "ridge",
        "lambda": 1,
        "transform": "none"
      },
      "metrics": {
        "rmse": 245411.29990873692,
        "mae": 129078.43480193704,
        "r2": 0.8022449327344592
      }
    },
    {
      "model": {
        "modelType": "ridge",
        "lambda": 0.1,
        "transform": "none"
      },
      "metrics": {
        "rmse": 245833.00449283834,
        "mae": 130142.37853207428,
        "r2": 0.8015647206251825
      }
    },
    {
      "model": {
        "modelType": "ridge",
        "lambda": 0.01,
        "transform": "none"
      },
      "metrics": {
        "rmse": 245882.82217356496,
        "mae": 130256.92777903835,
        "r2": 0.801484287267078
      }
    },
    {
      "model": {
        "modelType": "ridge",
        "lambda": 0.001,
        "transform": "none"
      },
      "metrics": {
        "rmse": 245887.90186199636,
        "mae": 130268.45878753996,
        "r2": 0.8014760849178716
      }
    },
    {
      "model": {
        "modelType": "ridge",
        "lambda": 0.0001,
        "transform": "none"
      },
      "metrics": {
        "rmse": 245888.41083845368,