{
  "selectedModel": {
    "version": 1,
    "modelType": "ridge",
    "features": [
      "boardSize",
      "allExactCombinationCountMin",
      "allExactCombinationCountMax",
      "allAlwaysRequiredCountMax",
      "allAlwaysRequiredCountStd",
      "allNeverUsedCountMax",
      "allNeverUsedCountStd",
      "allNeverAndAlwaysCountMax",
      "allNeverAndAlwaysCountStd",
      "deductionIterations"
    ],
    "lambda": 10,
    "transform": "log1p",
    "featureMeans": [
      6.934782608695652,
      1.4782608695652173,
      13.652173913043478,
      2.652173913043478,
      0.7385780672810514,
      5,
      1.490569517493264,
      5.978260869565218,
      1.7782090243248283,
      2.108695652173913
    ],
    "featureStds": [
      1.3088689759556844,
      0.9264032935940226,
      10.093513610890536,
      1.747263591079141,
      0.47271980866528074,
      1.3513278493843524,
      0.4133377625273707,
      1.3267995234493153,
      0.4511484801400855,
      0.9607121649558416
    ],
    "weights": [
      12.331302098998282,
      0.367560343319027,
      0.2541301843480248,
      0.19389764417950472,
      0.07717818786190309,
      -0.0049398626920470826,
      0.05567842772927763,
      -0.1339078175552754,
      0.11163613188311958,
      -0.07944908934023785,
      0.16913234872716565
    ],
    "perSizeMeans": {},
    "globalMean": 398070.0652173913
  },
  "metrics": {
    "rmse": 298051.6350728563,
    "mae": 133844.37999429522,
    "r2": 0.6450868205340548
  },
  "perSizeRmse": {
    "5": 31806.130145109022,
    "6": 25485.976568099777,
    "7": 66458.42111517543,
    "8": 463541.51561617875,
    "9": 560627.7845677625
  },
  "baseline": {
    "model": {
      "version": 1,
      "modelType": "baseline",
      "features": [
        "boardSize",
        "allExactCombinationCountMin",
        "allExactCombinationCountMax",
        "allAlwaysRequiredCountMax",
        "allAlwaysRequiredCountStd",
        "allNeverUsedCountMax",
        "allNeverUsedCountStd",
        "allNeverAndAlwaysCountMax",
        "allNeverAndAlwaysCountStd",
        "deductionIterations"
      ],
      "perSizeMeans": {
        "5": 63770.857142857145,
        "6": 116950,
        "7": 235517.41666666666,
        "8": 791547.4285714285,
        "9": 1011798.25
      },
      "globalMean": 398070.0652173913
    },
    "metrics": {
      "rmse": 386491.1868709494,
      "mae": 189695.38530020704,
      "r2": 0.4032144487030427
    },
    "perSizeRmse": {
      "5": 28747.26856008057,
      "6": 28361.532397930983,
      "7": 107934.7539283471,
      "8": 730619.5125651592,
      "9": 610266.3078207541
    }
  },
  "ridgeCandidates": [
    {
      "model": {
        "modelType": "ridge",
        "lambda": 10,
        "transform": "log1p"
      },
      "metrics": {
        "rmse": 298051.6350728563,
        "mae": 133844.37999429522,
        "r2": 0.6450868205340548
      }
    },
    {
      "model": {
        "modelType": "ridge",
        "lambda": 10,
        "transform": "none"
      },
      "metrics": {
        "rmse": 308008.5243196253,
        "mae": 157043.98971549486,
        "r2": 0.6209778580219072
      }
    },
    {
      "model": {
        "modelType": "ridge",
        "lambda": 1,
        "transform": "none"
      },
      "metrics": {
        "rmse": 333368.9999992736,
        "mae": 185811.23080502413,
        "r2": 0.5559932891916608
      }
    },
    {
      "model": {
        "modelType": "ridge",
        "lambda": 0.1,
        "transform": "none"
      },
      "metrics": {
        "rmse": 343245.7129242686,
        "mae": 200844.8222166905,
        "r2": 0.529294413233663
      }
    },
    {
      "model": {
        "modelType": "ridge",
        "lambda": 0.01,
        "transform": "none"
      },
      "metrics": {
        "rmse": 344899.1630576319,
        "mae": 204744.57263579275,
        "r2": 0.5247486156706334
      }
    },
    {
      "model": {
        "modelType": "ridge",
        "lambda": 0.001,
        "transform": "none"
      },
      "metrics": {
        "rmse": 345084.53819217416,
        "mae": 205179.26527597592,
        "r2": 0.5242376056449453
      }
    },
    {
      "model": {
        "modelType": "ridge",
        "lambda": 0.0001,
        "transform": "none"
      },
      "metrics": {
        "rmse": 345103.3125471592,
        "mae": 205223.1348895184,
        "r2": 0.5241858364459908
      }
    },
    {
      "model": {
        "modelType": "ridge",
        "lambda": 1,
        "transform": "log1p"
      },
      "metrics": {
        "rmse": 370846.3773269427,
        "mae": 157577.21418234357,
        "r2": 0.45055124789923595
      }
    },
    {
      "model": {
        "modelType": "ridge",
        "lambda": 0.1,
        "transform": "log1p"
      },
      "metrics": {
        "rmse": 440938.52363634086,
        "mae": 176077.73279886736,
        "r2": 0.22322507649585543
      }
    },
    {
      "model": {
        "modelType": "ridge",
        "lambda": 0.01,
        "transform": "log1p"
      },
      "metrics": {
        "rmse": 454582.03587645077,
        "mae": 180016.9796563974,
        "r2": 0.17441147455158645
      }
    },
    {
      "model": {
        "modelType": "ridge",
        "lambda": 0.001,
        "transform": "log1p"
      },
      "metrics": {
        "rmse": 456082.8788300884,
        "mae": 180449.74282562698,
        "r2": 0.16895096759231865
      }
    },
    {
      "model": {
        "modelType": "ridge",
        "lambda": 0.0001,
        "transform": "log1p"
      },
      "metrics": {
        "rmse": 456234.4828941053,
        "mae": 180493.45623997683,
        "r2": 0.16839838666258955
      }
    }
  ],
  "predictionForGame27": 25.56235417048385
}