{
  "selectedModel": {
    "version": 1,
    "modelType": "ridge",
    "features": [
      "boardSize",
      "firstIterationFalsePositiveSolutionCountAllMin",
      "firstIterationGuaranteedRequiredCellCountMax",
      "firstIterationGuaranteedRequiredCellCountStd",
      "firstIterationGuaranteedRequiredCellCountSum",
      "firstIterationGuaranteedUnusableCellCountAllMax",
      "firstIterationGuaranteedUnusableCellCountAllStd",
      "firstIterationGuaranteedUnusableCellCountAllSum",
      "firstIterationRequiredCellCountVsGoalAllMean",
      "firstIterationRequiredCellCountVsGoalAllStd",
      "firstIterationUnusableCellCountVsGoalAllMean",
      "firstIterationUnusableCellCountVsGoalAllStd",
      "firstIterationUnusableCellCountVsGoalAllSum",
      "firstIterationActionableCellAllCountMax",
      "firstIterationActionableCellAllCountStd",
      "firstIterationActionableCellAllCountSum",
      "goalSumAllMean",
      "goalSumAllStd",
      "cellCountLargerThanTargetAllSum",
      "deductionIterations",
      "percentUnresolvedCellsAfterDeduction",
      "percentUnresolvedCellsAfterDeductionI1",
      "percentUnresolvedCellsAfterDeductionI2",
      "breaksMinutes"
    ],
    "lambda": 10,
    "transform": "log1p",
    "featureMeans": [
      0.4791666666666667,
      0.002315398185483871,
      0.43403311145246626,
      0.12337010860479809,
      0.5174350714001257,
      0.7105564089435072,
      0.21627924391597922,
      1.1393234055868457,
      0.05793864133290698,
      0.09950703754189937,
      0.30775041799882946,
      0.6178924739049635,
      6.054506840440734,
      0.8723864994026285,
      0.26837978486193637,
      1.6567584769869705,
      2.037632667115034,
      0.9903487973620254,
      0.5980652984013205,
      2.1155913978494625,
      0.028452932098765427,
      0.2902391403843498,
      0.09823217045679283,
      2.2603437885091306
    ],
    "featureStds": [
      0.34645300099673204,
      0.004465079734313685,
      0.2819639018762031,
      0.08289885079957315,
      0.4527229749634512,
      0.18022943460583207,
      0.0709546723643883,
      0.6169784989458132,
      0.06155832551484432,
      0.08713938210234895,
      0.2635858501916213,
      0.47645810577278364,
      5.061535185139461,
      0.20728577101252785,
      0.08497519367501877,
      0.8832512367653241,
      0.4443833956771761,
      0.22584609281854592,
      0.43328155034485244,
      1.0213178945100458,
      0.15608307514658337,
      0.2918085613247852,
      0.2198995730592119,
      11.644946172089204
    ],
    "weights": [
      12.107461777498242,
      0.6360801061311695,
      -0.008929007144862604,
      0.03281699760833538,
      -0.08176409190620051,
      0.014042601722991507,
      -0.020933666114697463,
      -0.09679110393011603,
      -0.042163543597349626,
      -0.03651199068688255,
      0.021538389502438388,
      -0.10921037262930872,
      0.00389824270125441,
      0.10630240047166788,
      -0.0027690525590408086,
      -0.06503678723768605,
      -0.022254813344661218,
      0.10678239573251909,
      -0.016030476264506138,
      -0.013860415915360625,
      0.07675300479363491,
      0.08331958729311222,
      0.040874947287913535,
      0.07664910159423166,
      0.06955147808544612
    ],
    "perSizeMeans": {},
    "globalMean": 354712.0268817204
  },
  "metrics": {
    "rmse": 218451.83240986482,
    "mae": 97655.68099343246,
    "r2": 0.8123765193846314
  },
  "perSizeRmse": {
    "0": 16180.396848932793,
    "1": 455605.5359497118,
    "0.5": 67931.0570466343,
    "0.75": 213039.73488264295,
    "0.25": 32906.810277342
  },
  "perSizeMae": {
    "0": 12147.968665154502,
    "1": 320063.98328638717,
    "0.5": 54203.889909016965,
    "0.75": 108260.01777217505,
    "0.25": 23387.11727371236
  },
  "baseline": {
    "model": {
      "version": 1,
      "modelType": "baseline",
      "features": [
        "boardSize",
        "firstIterationFalsePositiveSolutionCountAllMin",
        "firstIterationGuaranteedRequiredCellCountMax",
        "firstIterationGuaranteedRequiredCellCountStd",
        "firstIterationGuaranteedRequiredCellCountSum",
        "firstIterationGuaranteedUnusableCellCountAllMax",
        "firstIterationGuaranteedUnusableCellCountAllStd",
        "firstIterationGuaranteedUnusableCellCountAllSum",
        "firstIterationRequiredCellCountVsGoalAllMean",
        "firstIterationRequiredCellCountVsGoalAllStd",
        "firstIterationUnusableCellCountVsGoalAllMean",
        "firstIterationUnusableCellCountVsGoalAllStd",
        "firstIterationUnusableCellCountVsGoalAllSum",
        "firstIterationActionableCellAllCountMax",
        "firstIterationActionableCellAllCountStd",
        "firstIterationActionableCellAllCountSum",
        "goalSumAllMean",
        "goalSumAllStd",
        "cellCountLargerThanTargetAllSum",
        "deductionIterations",
        "percentUnresolvedCellsAfterDeduction",
        "percentUnresolvedCellsAfterDeductionI1",
        "percentUnresolvedCellsAfterDeductionI2",
        "breaksMinutes"
      ],
      "perSizeMeans": {
        "0": 46873.16438356164,
        "1": 1114132.7428571428,
        "0.5": 212787.2380952381,
        "0.75": 405050.1666666667,
        "0.25": 98408.27058823529
      },
      "globalMean": 354712.0268817204
    },
    "metrics": {
      "rmse": 330035.69115383085,
      "mae": 151829.2189315436,
      "r2": 0.5717497538485563
    },
    "perSizeRmse": {
      "0": 19246.662417887248,
      "1": 691599.766440027,
      "0.5": 88472.43412111528,
      "0.75": 321822.4845219699,
      "0.25": 40456.68564776609
    },
    "perSizeMae": {
      "0": 13812.723737620392,
      "1": 517941.7989795921,
      "0.5": 68192.04799531752,
      "0.75": 185407.83680555556,
      "0.25": 27807.205190311415
    }
  },
  "ridgeCandidates": [
    {
      "model": {
        "modelType": "ridge",
        "lambda": 10,
        "transform": "log1p"
      },
      "metrics": {
        "rmse": 218451.83240986482,
        "mae": 97655.68099343246,
        "r2": 0.8123765193846314
      }
    },
    {
      "model": {
        "modelType": "ridge",
        "lambda": 100,
        "transform": "log1p"
      },
      "metrics": {
        "rmse": 222589.4527773325,
        "mae": 105311.53567398194,
        "r2": 0.8052017872691621
      }
    },
    {
      "model": {
        "modelType": "ridge",
        "lambda": 1,
        "transform": "log1p"
      },
      "metrics": {
        "rmse": 223186.2495700314,
        "mae": 98572.00820779568,
        "r2": 0.8041558185955451
      }
    },
    {
      "model": {
        "modelType": "ridge",
        "lambda": 0.1,
        "transform": "log1p"
      },
      "metrics": {
        "rmse": 223605.0507305206,
        "mae": 98602.04984984797,
        "r2": 0.8034201395452897
      }
    },
    {
      "model": {
        "modelType": "ridge",
        "lambda": 0.01,
        "transform": "log1p"
      },
      "metrics": {
        "rmse": 223612.26575694937,
        "mae": 98587.23589368243,
        "r2": 0.8034074533222693
      }
    },
    {
      "model": {
        "modelType": "ridge",
        "lambda": 0.001,
        "transform": "log1p"
      },
      "metrics": {
        "rmse": 223612.34443171922,
        "mae": 98585.57741868628,
        "r2": 0.8034073149857068
      }
    },
    {
      "model": {
        "modelType": "ridge",
        "lambda": 0.0001,
        "transform": "log1p"
      },
      "metrics": {
        "rmse": 223612.3453632767,
        "mae": 98585.40806260268,
        "r2": 0.8034073133477169
      }
    },
    {
      "model": {
        "modelType": "ridge",
        "lambda": 0.00001,
        "transform": "log1p"
      },
      "metrics": {
        "rmse": 223612.34537946293,
        "mae": 98585.39109054001,
        "r2": 0.8034073133192561
      }
    }
  ],
  "predictionForGame27": 28.11720188475654
}