{
  "selectedModel": {
    "version": 1,
    "modelType": "ridge",
    "features": [
      "boardSize",
      "firstIterationUnusableCellCountVsGoalAllSum",
      "deductionIterations",
      "percentUnresolvedCellsAfterDeduction",
      "percentUnresolvedCellsAfterDeductionI2",
      "gameDateAsPercent",
      "percentUnresolvedCellsAfterDeductionI4",
      "percentUnresolvedCellsAfterDeductionI5",
      "goalSumAllMean",
      "goalSumAllMax",
      "firstIterationActionableCellAllCountMin",
      "firstIterationGuaranteedRequiredCellCountStd",
      "firstIterationFalsePositiveSolutionCountAllMax",
      "cellCountLargerThanTargetAllStd",
      "firstIterationGuaranteedRequiredCellCountMean",
      "firstIterationUnusableCellCountVsGoalAllStd",
      "goalSumAllStd",
      "firstIterationGuaranteedRequiredCellCountMax"
    ],
    "lambda": 10,
    "transform": "log1p",
    "featureMeans": [
      0.47689075630252103,
      5.90878778422415,
      2.1365546218487395,
      0.023896248314140466,
      0.09441413800970123,
      0.6020942787800213,
      0.008636788048552755,
      0.0012968150223052186,
      2.0309585467785,
      4.050616913432038,
      0.007913165266106444,
      0.12223152959111774,
      0.07687352284663866,
      0.1690708233305519,
      0.08778960768610806,
      0.6032433949822035,
      0.9819791407134976,
      0.4292116846738698
    ],
    "featureStds": [
      0.34336691279928316,
      4.929144469158371,
      1.0001301906636737,
      0.1420897417268545,
      0.20923292807663266,
      0.2643290644527471,
      0.07301180059357895,
      0.026618125803389528,
      0.4324905319255194,
      0.8026317585711743,
      0.04294738626823922,
      0.08177967011006358,
      0.02349173107789234,
      0.0797359078701416,
      0.08835846498734329,
      0.46989663166021556,
      0.22272017281799292,
      0.27851752410998526
    ],
    "weights": [
      12.068419627007515,
      0.7075342594215208,
      -0.07017967863610189,
      0.11292709444809254,
      0.09909139130419307,
      0.10953055564871893,
      -0.10692038156044789,
      -0.05318895378683377,
      0.051286350966518214,
      0.10789370104096237,
      -0.02557726028791551,
      0.0381717045439241,
      -0.03778197573020942,
      0.029336420161925843,
      -0.18439133341714675,
      -0.09928315372005227,
      0.06759232612422382,
      0.023934231464222237,
      0.03455210684322713
    ],
    "perSizeMeans": {},
    "globalMean": 334211.10294117645
  },
  "metrics": {
    "rmse": 180786.7925031544,
    "mae": 83562.68425563445,
    "r2": 0.851323598431549
  },
  "perSizeRmse": {
    "0": 16116.533412131168,
    "1": 362115.4873244861,
    "0.5": 79915.89608340972,
    "0.75": 209171.9410924279,
    "0.25": 30233.252527729393
  },
  "perSizeMae": {
    "0": 12455.720031850864,
    "1": 254302.5224037504,
    "0.5": 51006.88909740396,
    "0.75": 111947.8919011674,
    "0.25": 22019.783154196968
  },
  "baseline": {
    "model": {
      "version": 1,
      "modelType": "baseline",
      "features": [
        "boardSize",
        "firstIterationUnusableCellCountVsGoalAllSum",
        "deductionIterations",
        "percentUnresolvedCellsAfterDeduction",
        "percentUnresolvedCellsAfterDeductionI2",
        "gameDateAsPercent",
        "percentUnresolvedCellsAfterDeductionI4",
        "percentUnresolvedCellsAfterDeductionI5",
        "goalSumAllMean",
        "goalSumAllMax",
        "firstIterationActionableCellAllCountMin",
        "firstIterationGuaranteedRequiredCellCountStd",
        "firstIterationFalsePositiveSolutionCountAllMax",
        "cellCountLargerThanTargetAllStd",
        "firstIterationGuaranteedRequiredCellCountMean",
        "firstIterationUnusableCellCountVsGoalAllStd",
        "goalSumAllStd",
        "firstIterationGuaranteedRequiredCellCountMax"
      ],
      "perSizeMeans": {
        "0": 46057.769230769234,
        "1": 1045008.7176470588,
        "0.5": 208408.4019607843,
        "0.75": 407114.9759036145,
        "0.25": 95819.88695652173
      },
      "globalMean": 334211.10294117645
    },
    "metrics": {
      "rmse": 311635.4738847691,
      "mae": 143525.84700354974,
      "r2": 0.5582236951693175
    },
    "perSizeRmse": {
      "0": 19593.06267018159,
      "1": 662521.1597545781,
      "0.5": 96168.1167279125,
      "0.75": 305892.2481058547,
      "0.25": 38846.76064322571
    },
    "perSizeMae": {
      "0": 14157.45505921019,
      "1": 491656.2816608995,
      "0.5": 69088.11229195083,
      "0.75": 181294.2778794962,
      "0.25": 27345.898298676748
    }
  },
  "ridgeCandidates": [
    {
      "model": {
        "modelType": "ridge",
        "lambda": 10,
        "transform": "log1p"
      },
      "metrics": {
        "rmse": 180786.7925031544,
        "mae": 83562.68425563445,
        "r2": 0.851323598431549
      }
    },
    {
      "model": {
        "modelType": "ridge",
        "lambda": 100,
        "transform": "log1p"
      },
      "metrics": {
        "rmse": 230297.45437568027,
        "mae": 99173.04671120932,
        "r2": 0.7587391148093994
      }
    },
    {
      "model": {
        "modelType": "ridge",
        "lambda": 1,
        "transform": "log1p"
      },
      "metrics": {
        "rmse": 252127.4672478833,
        "mae": 91963.23140780554,
        "r2": 0.7108328436049068
      }
    },
    {
      "model": {
        "modelType": "ridge",
        "lambda": 0.1,
        "transform": "log1p"
      },
      "metrics": {
        "rmse": 276923.6521997881,
        "mae": 93727.41746763983,
        "r2": 0.6511580196164313
      }
    },
    {
      "model": {
        "modelType": "ridge",
        "lambda": 0.01,
        "transform": "log1p"
      },
      "metrics": {
        "rmse": 279726.8134191774,
        "mae": 93918.65439263066,
        "r2": 0.6440599656832602
      }
    },
    {
      "model": {
        "modelType": "ridge",
        "lambda": 0.001,
        "transform": "log1p"
      },
      "metrics": {
        "rmse": 280010.5681945936,
        "mae": 93937.97169406283,
        "r2": 0.6433374685419586
      }
    },
    {
      "model": {
        "modelType": "ridge",
        "lambda": 0.0001,
        "transform": "log1p"
      },
      "metrics": {
        "rmse": 280038.9782686042,
        "mae": 93939.90495507368,
        "r2": 0.6432650903955057
      }
    },
    {
      "model": {
        "modelType": "ridge",
        "lambda": 0.00001,
        "transform": "log1p"
      },
      "metrics": {
        "rmse": 280041.81962217996,
        "mae": 93940.09829649313,
        "r2": 0.64325785129501
      }
    }
  ],
  "predictionForGame27": 14.14016378932583
}