{
  "selectedModel": {
    "version": 1,
    "modelType": "ridge",
    "features": [
      "percentUnresolvedCellsAfterDeductionI2",
      "goalSumAllMean",
      "gameDateAsPercent",
      "breaksMinutes",
      "firstIterationUnusableCellCountVsGoalAllMean",
      "cellCountLargerThanTargetAllStd",
      "firstIterationUnusableCellCountVsGoalAllSum",
      "cellCountLargerThanTargetAllMax",
      "goalSumAllStd",
      "goalSumAllMax",
      "firstIterationGuaranteedRequiredCellCountMax",
      "percentUnresolvedCellsAfterDeductionI4",
      "firstIterationGuaranteedRequiredCellCountSum",
      "firstIterationGuaranteedUnusableCellCountAllStd",
      "firstIterationRequiredCellCountVsGoalAllMean",
      "firstIterationUnusableCellCountVsGoalAllStd",
      "firstIterationActionableCellAllCountMax",
      "firstIterationActionableCellAllCountSum",
      "deductionIterations",
      "percentUnresolvedCellsAfterDeduction",
      "firstIterationFalsePositiveSolutionCountAllSum",
      "percentUnresolvedCellsAfterDeductionI5",
      "firstIterationGuaranteedUnusableCellCountAllMax",
      "firstIterationUnusableCellCountVsGoalAllMax"
    ],
    "lambda": 0.00001,
    "transform": "log1p",
    "featureMeans": [
      0.10174682747878692,
      2.0468327167727765,
      0.5899997010723649,
      2.35441984932862,
      0.2951240084067156,
      0.1691767049342068,
      5.88704347281976,
      0.5830465519541148,
      0.9905913352398182,
      4.0748821750922595,
      0.4319183228847094,
      0.009094996023100599,
      0.509450817363983,
      0.21579578895960289,
      0.05468851635724578,
      0.6028737571455806,
      0.8711929216130897,
      1.6357928356527793,
      2.134453781512605,
      0.02964843344745305,
      0.22998001283846878,
      0.001729086696406958,
      0.7087857365168303,
      2.4501175647927016
    ],
    "featureStds": [
      0.22358209496190826,
      0.44248836576908257,
      0.2621303830038698,
      11.87781007413919,
      0.24380898142534313,
      0.07879624318824234,
      4.922532674008554,
      0.23458863242596817,
      0.22801025603769123,
      0.8126647637027046,
      0.28424329774732987,
      0.07521583572908132,
      0.45155990920427347,
      0.07132010214452902,
      0.05407993052835572,
      0.46905823177009,
      0.20802307470622816,
      0.8644506475362019,
      1.0283736834136723,
      0.15921712205590313,
      0.05359449096769626,
      0.030723802822011665,
      0.18107973723822746,
      1.988007724218977
    ],
    "weights": [
      12.140514675806076,
      0.2314792049113202,
      0.1306467867434822,
      -0.09774069092521924,
      0.06349988589146047,
      -1.2479990608750844,
      -0.08632203876809762,
      1.4663550578043667,
      0.02263479967151058,
      0.12415188894641492,
      -0.05400782185559333,
      0.059405725832674824,
      -0.06694117384935233,
      -0.33603140415124355,
      -0.22387119431023977,
      0.19913203749497002,
      -0.42816455930922087,
      -0.03837830837926837,
      -0.2950295414188743,
      0.16232826080514684,
      0.12470244362231137,
      -0.0637634716222714,
      0.04418888565253354,
      0.06789419792074816,
      0.2224808527508741
    ],
    "perSizeMeans": {},
    "globalMean": 364241.8963585434
  },
  "metrics": {
    "rmse": 175095.630424176,
    "mae": 96101.72625455141,
    "r2": 0.8831078738810819
  },
  "perSizeRmse": {
    "0": 25605.80111695484,
    "1": 356597.4546551939,
    "0.5": 82848.13892124659,
    "0.75": 153768.08174239247,
    "0.25": 35124.46502242872
  },
  "perSizeMae": {
    "0": 18504.25066854445,
    "1": 287445.08624698455,
    "0.5": 61405.38796492163,
    "0.75": 101246.54700051928,
    "0.25": 27171.374705222162
  },
  "baseline": {
    "model": {
      "version": 1,
      "modelType": "baseline",
      "features": [
        "percentUnresolvedCellsAfterDeductionI2",
        "goalSumAllMean",
        "gameDateAsPercent",
        "breaksMinutes",
        "firstIterationUnusableCellCountVsGoalAllMean",
        "cellCountLargerThanTargetAllStd",
        "firstIterationUnusableCellCountVsGoalAllSum",
        "cellCountLargerThanTargetAllMax",
        "goalSumAllStd",
        "goalSumAllMax",
        "firstIterationGuaranteedRequiredCellCountMax",
        "percentUnresolvedCellsAfterDeductionI4",
        "firstIterationGuaranteedRequiredCellCountSum",
        "firstIterationGuaranteedUnusableCellCountAllStd",
        "firstIterationRequiredCellCountVsGoalAllMean",
        "firstIterationUnusableCellCountVsGoalAllStd",
        "firstIterationActionableCellAllCountMax",
        "firstIterationActionableCellAllCountSum",
        "deductionIterations",
        "percentUnresolvedCellsAfterDeduction",
        "firstIterationFalsePositiveSolutionCountAllSum",
        "percentUnresolvedCellsAfterDeductionI5",
        "firstIterationGuaranteedUnusableCellCountAllMax",
        "firstIterationUnusableCellCountVsGoalAllMax"
      ],
      "perSizeMeans": {
        "0": 48616.42424242424,
        "1": 1114132.7428571428,
        "0.5": 214555.6,
        "0.75": 410768.56140350876,
        "0.25": 98311.01190476191
      },
      "globalMean": 364241.8963585434
    },
    "metrics": {
      "rmse": 338822.2311103669,
      "mae": 157103.90395193343,
      "r2": 0.5622980944637531
    },
    "perSizeRmse": {
      "0": 19018.30220914596,
      "1": 699976.5132712711,
      "0.5": 88084.30772618508,
      "0.75": 321807.2029587226,
      "0.25": 40618.61284308875
    },
    "perSizeMae": {
      "0": 13584.537526938468,
      "1": 524168.1045918368,
      "0.5": 68543.09296875,
      "0.75": 186933.06236121696,
      "0.25": 28084.701435051615
    }
  },
  "ridgeCandidates": [
    {
      "model": {
        "modelType": "ridge",
        "lambda": 0.00001,
        "transform": "log1p"
      },
      "metrics": {
        "rmse": 175095.630424176,
        "mae": 96101.72625455141,
        "r2": 0.8831078738810819
      }
    },
    {
      "model": {
        "modelType": "ridge",
        "lambda": 0.0001,
        "transform": "log1p"
      },
      "metrics": {
        "rmse": 175095.66870848156,
        "mae": 96101.24512476787,
        "r2": 0.8831078227646223
      }
    },
    {
      "model": {
        "modelType": "ridge",
        "lambda": 0.001,
        "transform": "log1p"
      },
      "metrics": {
        "rmse": 175096.08675925893,
        "mae": 96096.43783462,
        "r2": 0.8831072645906336
      }
    },
    {
      "model": {
        "modelType": "ridge",
        "lambda": 0.01,
        "transform": "log1p"
      },
      "metrics": {
        "rmse": 175103.7377495783,
        "mae": 96049.21363658241,
        "r2": 0.8830970488885788
      }
    },
    {
      "model": {
        "modelType": "ridge",
        "lambda": 0.1,
        "transform": "log1p"
      },
      "metrics": {
        "rmse": 175481.43629104423,
        "mae": 96379.57534954179,
        "r2": 0.8825921859446231
      }
    },
    {
      "model": {
        "modelType": "ridge",
        "lambda": 1,
        "transform": "log1p"
      },
      "metrics": {
        "rmse": 187905.302237503,
        "mae": 100775.0080102488,
        "r2": 0.8653790312303355
      }
    },
    {
      "model": {
        "modelType": "ridge",
        "lambda": 10,
        "transform": "log1p"
      },
      "metrics": {
        "rmse": 209033.186983238,
        "mae": 108061.35660820549,
        "r2": 0.8334037868061269
      }
    },
    {
      "model": {
        "modelType": "ridge",
        "lambda": 100,
        "transform": "log1p"
      },
      "metrics": {
        "rmse": 2350717.934204008,
        "mae": 243916.92004363338,
        "r2": -20.06860024078317
      }
    }
  ],
  "predictionForGame27": 14.151514114803167
}