{
  "selectedModel": {
    "version": 1,
    "modelType": "ridge",
    "features": [
      "boardSize",
      "firstIterationFalsePositiveSolutionCountAllMin",
      "firstIterationGuaranteedRequiredCellCountMax",
      "firstIterationGuaranteedRequiredCellCountStd",
      "firstIterationGuaranteedRequiredCellCountSum",
      "firstIterationGuaranteedUnusableCellCountAllMax",
      "firstIterationGuaranteedUnusableCellCountAllStd",
      "firstIterationGuaranteedUnusableCellCountAllSum",
      "firstIterationActionableCellAllCountMax",
      "firstIterationActionableCellAllCountStd",
      "firstIterationActionableCellAllCountSum",
      "requiredSumAllMean",
      "requiredSumAllStd",
      "cellCountLargerThanTargetAllSum",
      "deductionIterations",
      "percentUnresolvedCellsAfterDeduction",
      "percentUnresolvedCellsAfterDeductionI1",
      "percentUnresolvedCellsAfterDeductionI2",
      "autoCompleteWasAvailable",
      "gameDateAsPercent"
    ],
    "lambda": 10,
    "transform": "log1p",
    "featureMeans": [
      0.4696180555555556,
      0.0020955403645833335,
      0.4394675925925925,
      0.1252282597818296,
      0.5309895833333335,
      0.7147073412698421,
      0.21782625244632803,
      1.1449900793650787,
      0.8810901675485007,
      0.27102634681892557,
      1.6759796626984125,
      2.0427668428804138,
      0.9910819623955722,
      0.59144069664903,
      2.107638888888889,
      0.027492444701646086,
      0.2864444157935808,
      0.09838303328661717,
      0.5763888888888888,
      0.6184623435763723
    ],
    "featureStds": [
      0.35008261914804123,
      0.00414555086678397,
      0.28373597220506047,
      0.08297921939950335,
      0.45900248508406777,
      0.17983544719161784,
      0.07169026775013256,
      0.6181685185193536,
      0.20224340985414252,
      0.08510044339336166,
      0.8844406782677049,
      0.4456072144592867,
      0.23505880111874383,
      0.4301366534777392,
      1.030208976987403,
      0.15336063916243955,
      0.2942746938918699,
      0.21955604369608828,
      0.4941302840894501,
      0.28281095438065074
    ],
    "weights": [
      12.109432107585764,
      0.6330782481361603,
      0.015780774459076666,
      0.016747338816515096,
      -0.04978594786547726,
      -0.026663142055722983,
      -0.009398472480071847,
      -0.11752662904915571,
      -0.04673952673964227,
      0.016730828151971473,
      -0.0891498503457771,
      -0.04650549604439004,
      0.14730508560187217,
      -0.029337337764362138,
      0.02048408357601242,
      0.09637704990052129,
      0.08961264713154832,
      0.022951362425973315,
      0.07186757105629885,
      -0.0031874812404815572,
      -0.11203141700530807
    ],
    "perSizeMeans": {},
    "globalMean": 363051.59722222225
  },
  "metrics": {
    "rmse": 226743.5275350236,
    "mae": 99010.70078319231,
    "r2": 0.8171735374657747
  },
  "perSizeRmse": {
    "0": 14951.349602083317,
    "1": 482023.9802838906,
    "0.5": 72064.96875006577,
    "0.75": 194441.73990780037,
    "0.25": 32079.10741350189
  },
  "perSizeMae": {
    "0": 11643.555329392799,
    "1": 328612.50417389424,
    "0.5": 56062.85052399668,
    "0.75": 110294.4487899719,
    "0.25": 22741.845023263275
  },
  "baseline": {
    "model": {
      "version": 1,
      "modelType": "baseline",
      "features": [
        "boardSize",
        "firstIterationFalsePositiveSolutionCountAllMin",
        "firstIterationGuaranteedRequiredCellCountMax",
        "firstIterationGuaranteedRequiredCellCountStd",
        "firstIterationGuaranteedRequiredCellCountSum",
        "firstIterationGuaranteedUnusableCellCountAllMax",
        "firstIterationGuaranteedUnusableCellCountAllStd",
        "firstIterationGuaranteedUnusableCellCountAllSum",
        "firstIterationActionableCellAllCountMax",
        "firstIterationActionableCellAllCountStd",
        "firstIterationActionableCellAllCountSum",
        "requiredSumAllMean",
        "requiredSumAllStd",
        "cellCountLargerThanTargetAllSum",
        "deductionIterations",
        "percentUnresolvedCellsAfterDeduction",
        "percentUnresolvedCellsAfterDeductionI1",
        "percentUnresolvedCellsAfterDeductionI2",
        "autoCompleteWasAvailable",
        "gameDateAsPercent"
      ],
      "perSizeMeans": {
        "0": 49051.4406779661,
        "1": 1128752.8909090909,
        "0.5": 225429.37704918033,
        "0.75": 439808.83720930235,
        "0.25": 98863.4857142857
      },
      "globalMean": 363051.59722222225
    },
    "metrics": {
      "rmse": 363496.4210360753,
      "mae": 168722.60898425302,
      "r2": 0.5301388503642301
    },
    "perSizeRmse": {
      "0": 20016.71992227399,
      "1": 759307.8146697995,
      "0.5": 86987.4752222084,
      "0.75": 364972.9281643638,
      "0.25": 43117.48118015234
    },
    "perSizeMae": {
      "0": 14674.893797331411,
      "1": 583672.3338842975,
      "0.5": 67592.38155180107,
      "0.75": 220657.11330857925,
      "0.25": 28756.044897959182
    }
  },
  "ridgeCandidates": [
    {
      "model": {
        "modelType": "ridge",
        "lambda": 10,
        "transform": "log1p"
      },
      "metrics": {
        "rmse": 226743.5275350236,
        "mae": 99010.70078319231,
        "r2": 0.8171735374657747
      }
    },
    {
      "model": {
        "modelType": "ridge",
        "lambda": 1,
        "transform": "log1p"
      },
      "metrics": {
        "rmse": 233159.44880038546,
        "mae": 101577.64249627007,
        "r2": 0.8066806623367978
      }
    },
    {
      "model": {
        "modelType": "ridge",
        "lambda": 0.1,
        "transform": "log1p"
      },
      "metrics": {
        "rmse": 234483.24039326172,
        "mae": 102137.85609300874,
        "r2": 0.8044792417346869
      }
    },
    {
      "model": {
        "modelType": "ridge",
        "lambda": 0.01,
        "transform": "log1p"
      },
      "metrics": {
        "rmse": 234628.660910872,
        "mae": 102196.8486660773,
        "r2": 0.8042366525718172
      }
    },
    {
      "model": {
        "modelType": "ridge",
        "lambda": 0.001,
        "transform": "log1p"
      },
      "metrics": {
        "rmse": 234643.3489009287,
        "mae": 102202.77842036278,
        "r2": 0.8042121418399241
      }
    },
    {
      "model": {
        "modelType": "ridge",
        "lambda": 0.0001,
        "transform": "log1p"
      },
      "metrics": {
        "rmse": 234644.8191786096,
        "mae": 102203.37170175729,
        "r2": 0.8042096882146985
      }
    },
    {
      "model": {
        "modelType": "ridge",
        "lambda": 10,
        "transform": "none"
      },
      "metrics": {
        "rmse": 242067.20287729191,
        "mae": 121994.04428022976,
        "r2": 0.7916271353313042
      }
    },
    {
      "model": {
        "modelType": "ridge",
        "lambda": 1,
        "transform": "none"
      },
      "metrics": {
        "rmse": 244047.12315247898,
        "mae": 125195.47216995497,
        "r2": 0.7882045413542392
      }
    },
    {
      "model": {
        "modelType": "ridge",
        "lambda": 0.1,
        "transform": "none"
      },
      "metrics": {
        "rmse": 244547.2823908429,
        "mae": 125939.88958045987,
        "r2": 0.787335528813998
      }
    },
    {
      "model": {
        "modelType": "ridge",
        "lambda": 0.01,
        "transform": "none"
      },
      "metrics": {
        "rmse": 244604.38958977733,
        "mae": 126019.15888252508,
        "r2": 0.7872361935020834
      }
    },
    {
      "model": {
        "modelType": "ridge",
        "lambda": 0.001,
        "transform": "none"
      },
      "metrics": {
        "rmse": 244610.1841415404,
        "mae": 126027.1348204963,
        "r2": 0.7872261128531207
      }
    },
    {
      "model": {
        "modelType": "ridge",
        "lambda": 0.0001,
        "transform": "none"
      },
      "metrics": {
        "rmse": 244610.76445161298,