{
  "selectedModel": {
    "version": 1,
    "modelType": "ridge",
    "features": [
      "boardSize",
      "allExactCombinationCountMin",
      "allExactCombinationCountMax",
      "allAlwaysRequiredCountMax",
      "allAlwaysRequiredCountStd",
      "allNeverUsedCountMax",
      "allNeverUsedCountStd",
      "allNeverAndAlwaysCountMax",
      "allNeverAndAlwaysCountStd",
      "deductionIterations",
      "unresolvedCellCountAfterDeduction"
    ],
    "lambda": 1,
    "transform": "log1p",
    "featureMeans": [
      7.018867924528302,
      1.528301886792453,
      14.150943396226415,
      2.7735849056603774,
      0.7623123424715705,
      4.943396226415095,
      1.4654204319285589,
      6,
      1.7795534474616388,
      2.056603773584906,
      2.452830188679245
    ],
    "featureStds": [
      1.3245229263988112,
      1.0019560790454154,
      10.281685909798032,
      1.9096725930384897,
      0.5109900262935803,
      1.3792956137733634,
      0.43179828460185593,
      1.4142135623730951,
      0.46577292265873915,
      0.9399938646853699,
      12.569153673398372
    ],
    "weights": [
      12.375395816513182,
      0.600627955674508,
      0.26895052629147,
      0.0017567816418958757,
      0.010564997543966628,
      0.11078025569880504,
      0.07033919327095275,
      -0.08150286922214924,
      0.14557505373358212,
      -0.16928958893409435,
      0.16121165963746903,
      0.1392948471146564
    ],
    "perSizeMeans": {},
    "globalMean": 431230.2641509434
  },
  "metrics": {
    "rmse": 221945.95197588127,
    "mae": 103373.46461776925,
    "r2": 0.8518899178729713
  },
  "perSizeRmse": {
    "5": 25952.76690850752,
    "6": 22307.411491429793,
    "7": 68049.24388819415,
    "8": 142030.49196021227,
    "9": 485081.1004788485
  },
  "baseline": {
    "model": {
      "version": 1,
      "modelType": "baseline",
      "features": [
        "boardSize",
        "allExactCombinationCountMin",
        "allExactCombinationCountMax",
        "allAlwaysRequiredCountMax",
        "allAlwaysRequiredCountStd",
        "allNeverUsedCountMax",
        "allNeverUsedCountStd",
        "allNeverAndAlwaysCountMax",
        "allNeverAndAlwaysCountStd",
        "deductionIterations",
        "unresolvedCellCountAfterDeduction"
      ],
      "perSizeMeans": {
        "5": 60592.875,
        "6": 116950,
        "7": 231809.07142857142,
        "8": 693475.6666666666,
        "9": 1148045.3
      },
      "globalMean": 431230.2641509434
    },
    "metrics": {
      "rmse": 458150.1582495571,
      "mae": 229094.57770018245,
      "r2": 0.3688888577271576
    },
    "perSizeRmse": {
      "5": 31030.163339837047,
      "6": 30636.341523085546,
      "7": 98150.92230599289,
      "8": 650850.4910868478,
      "9": 846078.5648468838
    }
  },
  "ridgeCandidates": [
    {
      "model": {
        "modelType": "ridge",
        "lambda": 1,
        "transform": "log1p"
      },
      "metrics": {
        "rmse": 221945.95197588127,
        "mae": 103373.46461776925,
        "r2": 0.8518899178729713
      }
    },
    {
      "model": {
        "modelType": "ridge",
        "lambda": 10,
        "transform": "log1p"
      },
      "metrics": {
        "rmse": 223364.0515023594,
        "mae": 103455.02829602918,
        "r2": 0.849991204849981
      }
    },
    {
      "model": {
        "modelType": "ridge",
        "lambda": 1,
        "transform": "none"
      },
      "metrics": {
        "rmse": 257101.2616992082,
        "mae": 146036.14969425494,
        "r2": 0.8012539153464069
      }
    },
    {
      "model": {
        "modelType": "ridge",
        "lambda": 10,
        "transform": "none"
      },
      "metrics": {
        "rmse": 261597.1986906223,
        "mae": 137564.24691026748,
        "r2": 0.7942421828187755
      }
    },
    {
      "model": {
        "modelType": "ridge",
        "lambda": 0.1,
        "transform": "none"
      },
      "metrics": {
        "rmse": 272213.37287151883,
        "mae": 158956.30091111222,
        "r2": 0.7772031330427795
      }
    },
    {
      "model": {
        "modelType": "ridge",
        "lambda": 0.1,
        "transform": "log1p"
      },
      "metrics": {
        "rmse": 274703.6808105532,
        "mae": 120879.87173502354,
        "r2": 0.7731080314107862
      }
    },
    {
      "model": {
        "modelType": "ridge",
        "lambda": 0.01,
        "transform": "none"
      },
      "metrics": {
        "rmse": 276938.2031778893,
        "mae": 162575.86905409684,
        "r2": 0.7694018036462317
      }
    },
    {
      "model": {
        "modelType": "ridge",
        "lambda": 0.001,
        "transform": "none"
      },
      "metrics": {
        "rmse": 277500.62380765704,
        "mae": 162981.74415241033,
        "r2": 0.7684642307495623
      }
    },
    {
      "model": {
        "modelType": "ridge",
        "lambda": 0.0001,
        "transform": "none"
      },
      "metrics": {
        "rmse": 277557.9225050906,
        "mae": 163022.8236903101,
        "r2": 0.7683686052517311
      }
    },
    {
      "model": {
        "modelType": "ridge",
        "lambda": 0.01,
        "transform": "log1p"
      },
      "metrics": {
        "rmse": 297422.26544133265,
        "mae": 126729.85330676386,
        "r2": 0.7340272642015897
      }
    },
    {
      "model": {
        "modelType": "ridge",
        "lambda": 0.001,
        "transform": "log1p"
      },
      "metrics": {
        "rmse": 300283.53014545323,
        "mae": 127422.47842764355,
        "r2": 0.7288852216006647
      }
    },
    {
      "model": {
        "modelType": "ridge",
        "lambda": 0.0001,
        "transform": "log1p"
      },
      "metrics": {
        "rmse": 300576.80920037534,
        "mae": 127493.01418102135,
        "r2": 0.7283553815876018
      }
    }
  ],
  "predictionForGame27": 50.488226308388555
}