{
  "selectedModel": {
    "version": 1,
    "modelType": "ridge",
    "features": [
      "boardSize",
      "firstIterationFalsePositiveSolutionCountAllMin",
      "firstIterationGuaranteedRequiredCellCountMax",
      "firstIterationGuaranteedRequiredCellCountStd",
      "firstIterationGuaranteedRequiredCellCountSum",
      "firstIterationGuaranteedUnusableCellCountAllMax",
      "firstIterationGuaranteedUnusableCellCountAllStd",
      "firstIterationGuaranteedUnusableCellCountAllSum",
      "firstIterationActionableCellAllCountMax",
      "firstIterationActionableCellAllCountStd",
      "firstIterationActionableCellAllCountSum",
      "cellCountLargerThanTargetAllSum",
      "percentUnresolvedCellsAfterDeduction",
      "percentUnresolvedCellsAfterDeductionI1",
      "percentUnresolvedCellsAfterDeductionI2",
      "autoCompleteWasAvailable"
    ],
    "lambda": 10,
    "transform": "log1p",
    "featureMeans": [
      0.47368421052631576,
      0.002055921052631579,
      0.42565905504502,
      0.12231742928152496,
      0.5347868127107894,
      0.711726074445372,
      0.22029660992891278,
      1.1672429530616661,
      0.8762995451591942,
      0.27316839904493045,
      1.7020297657724561,
      0.5961500974658873,
      0.03547352176738141,
      0.2849467133073719,
      0.1066068362042673,
      0.28654970760233917
    ],
    "featureStds": [
      0.3556690339072504,
      0.004086349612848087,
      0.2858786288610444,
      0.08503319004334076,
      0.4746676367469424,
      0.18418233632947056,
      0.07436977726342364,
      0.6123309277853195,
      0.20966671621028127,
      0.08812204130475249,
      0.9010653756043282,
      0.4241349174989511,
      0.17202294559113718,
      0.3002133552155663,
      0.2270466801191101,
      0.4521492814053267
    ],
    "weights": [
      12.190810357614287,
      0.5702371435395438,
      0.020847525541518197,
      -0.02361817874524839,
      -0.028330694258868458,
      0.008486725122193164,
      -0.014346724734698467,
      -0.1763203308456331,
      -0.09479118800333172,
      0.07296693815507282,
      -0.13994686428545494,
      -0.05994593045177222,
      0.000545590341280908,
      0.03783454587628665,
      0.051478528326051876,
      0.12321091877416518,
      -0.05338298541616814
    ],
    "perSizeMeans": {},
    "globalMean": 394554.9415204678
  },
  "metrics": {
    "rmse": 238588.99213950022,
    "mae": 113486.56672046565,
    "r2": 0.816672790106824
  },
  "perSizeRmse": {
    "0": 18809.659314490284,
    "1": 500038.56558192056,
    "0.5": 81297.36265013446,
    "0.75": 201987.98783823894,
    "0.25": 41903.61433665847
  },
  "perSizeMae": {
    "0": 15072.241114570445,
    "1": 370152.97774214664,
    "0.5": 64005.50501814298,
    "0.75": 118051.38644495107,
    "0.25": 28148.97051198408
  },
  "baseline": {
    "model": {
      "version": 1,
      "modelType": "baseline",
      "features": [
        "boardSize",
        "firstIterationFalsePositiveSolutionCountAllMin",
        "firstIterationGuaranteedRequiredCellCountMax",
        "firstIterationGuaranteedRequiredCellCountStd",
        "firstIterationGuaranteedRequiredCellCountSum",
        "firstIterationGuaranteedUnusableCellCountAllMax",
        "firstIterationGuaranteedUnusableCellCountAllStd",
        "firstIterationGuaranteedUnusableCellCountAllSum",
        "firstIterationActionableCellAllCountMax",
        "firstIterationActionableCellAllCountStd",
        "firstIterationActionableCellAllCountSum",
        "cellCountLargerThanTargetAllSum",
        "percentUnresolvedCellsAfterDeduction",
        "percentUnresolvedCellsAfterDeductionI1",
        "percentUnresolvedCellsAfterDeductionI2",
        "autoCompleteWasAvailable"
      ],
      "perSizeMeans": {
        "0": 53004.94594594595,
        "1": 1193554,
        "0.5": 237203.39393939395,
        "0.75": 484396.8965517241,
        "0.25": 108851.48717948717
      },
      "globalMean": 394554.9415204678
    },
    "metrics": {
      "rmse": 378691.9621262054,
      "mae": 182580.1482642951,
      "r2": 0.538152818136316
    },
    "perSizeRmse": {
      "0": 23229.75938950129,
      "1": 751297.6884566324,
      "0.5": 91820.38000570625,
      "0.75": 435591.04999478644,
      "0.25": 49425.69770591206
    },
    "perSizeMae": {
      "0": 17593.8670083877,
      "1": 571572.2803677802,
      "0.5": 69839.13196063196,
      "0.75": 281572.0407296353,
      "0.25": 31745.294509925556
    }
  },
  "ridgeCandidates": [
    {
      "model": {
        "modelType": "ridge",
        "lambda": 10,
        "transform": "log1p"
      },
      "metrics": {
        "rmse": 238588.99213950022,
        "mae": 113486.56672046565,
        "r2": 0.816672790106824
      }
    },
    {
      "model": {
        "modelType": "ridge",
        "lambda": 1,
        "transform": "log1p"
      },
      "metrics": {
        "rmse": 239700.3170655956,
        "mae": 115113.4102870042,
        "r2": 0.8149609710670789
      }
    },
    {
      "model": {
        "modelType": "ridge",
        "lambda": 0.1,
        "transform": "log1p"
      },
      "metrics": {
        "rmse": 240289.09317424448,
        "mae": 115912.26147728997,
        "r2": 0.8140508315770227
      }
    },
    {
      "model": {
        "modelType": "ridge",
        "lambda": 0.01,
        "transform": "log1p"
      },
      "metrics": {
        "rmse": 240349.8672763443,
        "mae": 116004.89107148949,
        "r2": 0.8139567588689095
      }
    },
    {
      "model": {
        "modelType": "ridge",
        "lambda": 0.001,
        "transform": "log1p"
      },
      "metrics": {
        "rmse": 240355.87717830762,
        "mae": 116014.28303039806,
        "r2": 0.813947454802036
      }
    },
    {
      "model": {
        "modelType": "ridge",
        "lambda": 0.0001,
        "transform": "log1p"
      },
      "metrics": {
        "rmse": 240356.47732716842,
        "mae": 116015.22354780509,
        "r2": 0.8139465256850635
      }
    },
    {
      "model": {
        "modelType": "ridge",
        "lambda": 10,
        "transform": "none"
      },
      "metrics": {
        "rmse": 248777.08712693452,
        "mae": 126493.69073208417,
        "r2": 0.8006818348544749
      }
    },
    {
      "model": {
        "modelType": "ridge",
        "lambda": 1,
        "transform": "none"
      },
      "metrics": {
        "rmse": 249763.69693821215,
        "mae": 126105.73978311042,
        "r2": 0.7990977725986137
      }
    },
    {
      "model": {
        "modelType": "ridge",
        "lambda": 0.1,
        "transform": "none"
      },
      "metrics": {
        "rmse": 250180.37393226346,
        "mae": 126581.5078813648,
        "r2": 0.7984268891642614
      }
    },
    {
      "model": {
        "modelType": "ridge",
        "lambda": 0.01,
        "transform": "none"
      },
      "metrics": {
        "rmse": 250233.14609669358,
        "mae": 126664.85226899527,
        "r2": 0.7983418419553577
      }
    },
    {
      "model": {
        "modelType": "ridge",
        "lambda": 0.001,
        "transform": "none"
      },
      "metrics": {
        "rmse": 250238.60119364466,
        "mae": 126673.46131813727,
        "r2": 0.7983330495406756
      }
    },
    {
      "model": {
        "modelType": "ridge",
        "lambda": 0.0001,
        "transform": "none"
      },
      "metrics": {
        "rmse": 250239.1485808412,
        "mae": 126674.32511627291,
        "r2": 0.7983321672625071
      }
    }
  ],
  "predictionForGame27": 28.22427988568533
}