{
  "selectedModel": {
    "version": 1,
    "modelType": "ridge",
    "features": [
      "boardSize",
      "firstIterationFalsePositiveSolutionCountAllMin",
      "firstIterationGuaranteedRequiredCellCountMax",
      "firstIterationGuaranteedRequiredCellCountStd",
      "firstIterationGuaranteedRequiredCellCountSum",
      "firstIterationGuaranteedUnusableCellCountAllMax",
      "firstIterationGuaranteedUnusableCellCountAllStd",
      "firstIterationGuaranteedUnusableCellCountAllSum",
      "firstIterationActionableCellAllCountMax",
      "firstIterationActionableCellAllCountStd",
      "firstIterationActionableCellAllCountSum",
      "cellCountLargerThanTargetAllSum",
      "percentUnresolvedCellsAfterDeduction",
      "percentUnresolvedCellsAfterDeductionI1",
      "percentUnresolvedCellsAfterDeductionI2",
      "autoCompleteWasAvailable",
      "gameDateAsPercent"
    ],
    "lambda": 1,
    "transform": "log1p",
    "featureMeans": [
      0.47489539748953974,
      0.002034845711297071,
      0.43135252706382415,
      0.123447268459756,
      0.5345348785725356,
      0.7165537623696623,
      0.21852212377628988,
      1.1617066259325672,
      0.8802052201633791,
      0.27228631076935944,
      1.696241504505103,
      0.5941959443005467,
      0.029151492845704834,
      0.2867725328935231,
      0.0960195338401904,
      0.4895397489539749,
      0.6106592970526481
    ],
    "featureStds": [
      0.3504293384919248,
      0.004085169233472936,
      0.28395146537469695,
      0.08325284460690165,
      0.4629072382019404,
      0.17773656176921146,
      0.07101832401678161,
      0.6321405579050672,
      0.2058961062176941,
      0.08557732177929504,
      0.8975984731596807,
      0.4428925471466111,
      0.15691207604688623,
      0.2946010494224576,
      0.21654155527321775,
      0.4998905711733851,
      0.28799296352423676
    ],
    "weights": [
      12.146940211264779,
      0.741670981541031,
      0.04605068507322892,
      -0.030292874683351095,
      -0.02329006199662179,
      0.07422044244440491,
      -0.014378217842962575,
      -0.10300389388139308,
      -0.11790585533743264,
      0.0855704582792072,
      -0.1461508483056984,
      -0.044759315378357915,
      -0.03340962652329066,
      0.05809281398575466,
      -0.024093875073606497,
      0.10284218131683395,
      -0.004787170607503763,
      -0.08827809094154435
    ],
    "perSizeMeans": {},
    "globalMean": 366623.32635983266
  },
  "metrics": {
    "rmse": 212741.78183005145,
    "mae": 98700.71563813422,
    "r2": 0.8277556086589504
  },
  "perSizeRmse": {
    "0": 15996.805593884801,
    "1": 446006.95373610675,
    "0.5": 70975.3707055296,
    "0.75": 188942.37566693372,
    "0.25": 35963.373689156855
  },
  "perSizeMae": {
    "0": 11987.019317521486,
    "1": 316204.99722038006,
    "0.5": 55260.11927225512,
    "0.75": 116263.032360231,
    "0.25": 23298.52398785855
  },
  "baseline": {
    "model": {
      "version": 1,
      "modelType": "baseline",
      "features": [
        "boardSize",
        "firstIterationFalsePositiveSolutionCountAllMin",
        "firstIterationGuaranteedRequiredCellCountMax",
        "firstIterationGuaranteedRequiredCellCountStd",
        "firstIterationGuaranteedRequiredCellCountSum",
        "firstIterationGuaranteedUnusableCellCountAllMax",
        "firstIterationGuaranteedUnusableCellCountAllStd",
        "firstIterationGuaranteedUnusableCellCountAllSum",
        "firstIterationActionableCellAllCountMax",
        "firstIterationActionableCellAllCountStd",
        "firstIterationActionableCellAllCountSum",
        "cellCountLargerThanTargetAllSum",
        "percentUnresolvedCellsAfterDeduction",
        "percentUnresolvedCellsAfterDeductionI1",
        "percentUnresolvedCellsAfterDeductionI2",
        "autoCompleteWasAvailable",
        "gameDateAsPercent"
      ],
      "perSizeMeans": {
        "0": 51322.244897959186,
        "1": 1102034.2608695652,
        "0.5": 229929.38461538462,
        "0.75": 456132.13513513515,
        "0.25": 101479.85454545454
      },
      "globalMean": 366623.32635983266
    },
    "metrics": {
      "rmse": 348823.4765852078,
      "mae": 170326.5835157282,
      "r2": 0.536925446235631
    },
    "perSizeRmse": {
      "0": 21832.19790846385,
      "1": 704329.7485680856,
      "0.5": 90936.27798848973,
      "0.75": 392287.6918651818,
      "0.25": 45531.034132558045
    },
    "perSizeMae": {
      "0": 16356.288212977492,
      "1": 555368.6034077558,
      "0.5": 71090.51938711692,
      "0.75": 243793.65184840016,
      "0.25": 29864.862809917347
    }
  },
  "ridgeCandidates": [
    {
      "model": {
        "modelType": "ridge",
        "lambda": 1,
        "transform": "log1p"
      },
      "metrics": {
        "rmse": 212741.78183005145,
        "mae": 98700.71563813422,
        "r2": 0.8277556086589504
      }
    },
    {
      "model": {
        "modelType": "ridge",
        "lambda": 10,
        "transform": "log1p"
      },
      "metrics": {
        "rmse": 212847.4502798691,
        "mae": 99129.29937548452,
        "r2": 0.8275844592230708
      }
    },
    {
      "model": {
        "modelType": "ridge",
        "lambda": 0.1,
        "transform": "log1p"
      },
      "metrics": {
        "rmse": 213135.77558987288,
        "mae": 98929.87920672259,
        "r2": 0.8271170311734699
      }
    },
    {
      "model": {
        "modelType": "ridge",
        "lambda": 0.01,
        "transform": "log1p"
      },
      "metrics": {
        "rmse": 213185.01776813483,
        "mae": 98955.61053729308,
        "r2": 0.8270371373370751
      }
    },
    {
      "model": {
        "modelType": "ridge",
        "lambda": 0.001,
        "transform": "log1p"
      },
      "metrics": {
        "rmse": 213190.05718948002,
        "mae": 98958.21747895036,
        "r2": 0.8270289599984112
      }
    },
    {
      "model": {
        "modelType": "ridge",
        "lambda": 0.0001,
        "transform": "log1p"
      },
      "metrics": {
        "rmse": 213190.56230529665,
        "mae": 98958.47852407789,
        "r2": 0.8270281403493828
      }
    },
    {
      "model": {
        "modelType": "ridge",
        "lambda": 10,
        "transform": "none"
      },
      "metrics": {
        "rmse": 225529.73354298834,
        "mae": 116400.42053309975,
        "r2": 0.8064259582429052
      }
    },
    {
      "model": {
        "modelType": "ridge",
        "lambda": 1,
        "transform": "none"
      },
      "metrics": {
        "rmse": 226614.30350327402,
        "mae": 116557.9718013958,
        "r2": 0.804559690783919
      }
    },
    {
      "model": {
        "modelType": "ridge",
        "lambda": 0.1,
        "transform": "none"
      },
      "metrics": {
        "rmse": 226992.3300424336,
        "mae": 117124.17251674758,
        "r2": 0.8039070996159362
      }
    },
    {
      "model": {
        "modelType": "ridge",
        "lambda": 0.01,
        "transform": "none"
      },
      "metrics": {
        "rmse": 227039.2112064908,
        "mae": 117192.22523427031,
        "r2": 0.8038260923610901
      }
    },
    {
      "model": {
        "modelType": "ridge",
        "lambda": 0.001,
        "transform": "none"
      },
      "metrics": {
        "rmse": 227044.0465072423,
        "mae": 117199.2131603024,
        "r2": 0.803817736360038
      }
    },
    {
      "model": {
        "modelType": "ridge",
        "lambda": 0.0001,
        "transform": "none"
      },
      "metrics": {
        "rmse": 227044.53157680476,
        "mae": 117199.91385730328,
        "r2": 0.8038168980896856
      }
    }
  ],
  "predictionForGame27": 27.920115693757815
}