{
  "selectedModel": {
    "version": 1,
    "modelType": "ridge",
    "features": [
      "boardSize",
      "firstIterationFalsePositiveSolutionCountAllMin",
      "firstIterationGuaranteedRequiredCellCountMax",
      "firstIterationGuaranteedUnusableCellCountAllMax",
      "firstIterationActionableCellCountMax",
      "firstIterationActionableCellCountStd",
      "deductionIterations",
      "unresolvedCellCountAfterDeduction"
    ],
    "lambda": 1,
    "transform": "log1p",
    "featureMeans": [
      7.089285714285714,
      0.5178571428571429,
      2.75,
      5.035714285714286,
      6.071428571428571,
      1.7944497724069275,
      2.0892857142857144,
      2.3214285714285716
    ],
    "featureStds": [
      1.3266066500970186,
      0.9818181281350908,
      1.8827221932996,
      1.4263375391225614,
      1.4621063921756228,
      0.46806803677590586,
      0.9311434160345498,
      12.240312704422251
    ],
    "weights": [
      12.411196582195114,
      0.5910756993029057,
      0.2660010845605425,
      0.1017038881874742,
      -0.0172021018034145,
      0.20903494422778762,
      -0.187121371483602,
      0.18261989473345927,
      0.15529210102976107
    ],
    "perSizeMeans": {},
    "globalMean": 436349.0535714286
  },
  "metrics": {
    "rmse": 220246.36846303326,
    "mae": 110325.16913277199,
    "r2": 0.8480350875695128
  },
  "perSizeRmse": {
    "5": 23700.87336693613,
    "6": 26290.7438508813,
    "7": 69223.61810796244,
    "8": 175741.1718006681,
    "9": 456952.786885931
  },
  "baseline": {
    "model": {
      "version": 1,
      "modelType": "baseline",
      "features": [
        "boardSize",
        "firstIterationFalsePositiveSolutionCountAllMin",
        "firstIterationGuaranteedRequiredCellCountMax",
        "firstIterationGuaranteedUnusableCellCountAllMax",
        "firstIterationActionableCellCountMax",
        "firstIterationActionableCellCountStd",
        "deductionIterations",
        "unresolvedCellCountAfterDeduction"
      ],
      "perSizeMeans": {
        "5": 60592.875,
        "6": 116950,
        "7": 231809.07142857142,
        "8": 629047.4545454546,
        "9": 1125686.8181818181
      },
      "globalMean": 436349.0535714286
    },
    "metrics": {
      "rmse": 459766.6360573189,
      "mae": 232245.88047503092,
      "r2": 0.3377824033732598
    },
    "perSizeRmse": {
      "5": 31030.163339837047,
      "6": 30636.341523085546,
      "7": 98150.92230599289,
      "8": 609114.182315687,
      "9": 831347.3586584012
    }
  },
  "ridgeCandidates": [
    {
      "model": {
        "modelType": "ridge",
        "lambda": 1,
        "transform": "log1p"
      },
      "metrics": {
        "rmse": 220246.36846303326,
        "mae": 110325.16913277199,
        "r2": 0.8480350875695128
      }
    },
    {
      "model": {
        "modelType": "ridge",
        "lambda": 10,
        "transform": "log1p"
      },
      "metrics": {
        "rmse": 227355.9449364014,
        "mae": 110621.94898502817,
        "r2": 0.8380658518676506
      }
    },
    {
      "model": {
        "modelType": "ridge",
        "lambda": 0.1,
        "transform": "log1p"
      },
      "metrics": {
        "rmse": 233786.8594697269,
        "mae": 119560.70225597304,
        "r2": 0.8287754610060807
      }
    },
    {
      "model": {
        "modelType": "ridge",
        "lambda": 0.01,
        "transform": "log1p"
      },
      "metrics": {
        "rmse": 236779.26781093524,
        "mae": 121196.61703935987,
        "r2": 0.8243641535248826
      }
    },
    {
      "model": {
        "modelType": "ridge",
        "lambda": 0.001,
        "transform": "log1p"
      },
      "metrics": {
        "rmse": 237116.8909088158,
        "mae": 121375.23088440372,
        "r2": 0.8238629188002529
      }
    },
    {
      "model": {
        "modelType": "ridge",
        "lambda": 0.0001,
        "transform": "log1p"
      },
      "metrics": {
        "rmse": 237151.08869916922,
        "mae": 121393.25968756783,
        "r2": 0.8238121089796804
      }
    },
    {
      "model": {
        "modelType": "ridge",
        "lambda": 1,
        "transform": "none"
      },
      "metrics": {
        "rmse": 250162.35348482837,
        "mae": 150418.93567978547,
        "r2": 0.8039487030518507
      }
    },
    {
      "model": {
        "modelType": "ridge",
        "lambda": 10,
        "transform": "none"
      },
      "metrics": {
        "rmse": 252976.45325465873,
        "mae": 140733.24068108812,
        "r2": 0.7995130954642976
      }
    },
    {
      "model": {
        "modelType": "ridge",
        "lambda": 0.1,
        "transform": "none"
      },
      "metrics": {
        "rmse": 265716.12929631304,
        "mae": 160566.02552048097,
        "r2": 0.7788119568429017
      }
    },
    {
      "model": {
        "modelType": "ridge",
        "lambda": 0.01,
        "transform": "none"
      },
      "metrics": {
        "rmse": 270389.49856561085,
        "mae": 163411.54698233874,
        "r2": 0.7709631023779526
      }
    },
    {
      "model": {
        "modelType": "ridge",
        "lambda": 0.001,
        "transform": "none"
      },
      "metrics": {
        "rmse": 270940.2769077481,
        "mae": 163735.43208602373,
        "r2": 0.7700290642991091
      }
    },
    {
      "model": {
        "modelType": "ridge",
        "lambda": 0.0001,
        "transform": "none"
      },
      "metrics": {
        "rmse": 270996.31962373556,
        "mae": 163768.15829225862,
        "r2": 0.7699339176571025
      }
    }
  ],
  "predictionForGame27": 52.957379041014654
}