{
  "selectedModel": {
    "version": 1,
    "modelType": "ridge",
    "features": [
      "boardSize",
      "firstIterationFalsePositiveSolutionCountAllMin",
      "firstIterationGuaranteedRequiredCellCountMax",
      "firstIterationGuaranteedRequiredCellCountStd",
      "firstIterationGuaranteedRequiredCellCountSum",
      "firstIterationGuaranteedUnusableCellCountAllMax",
      "firstIterationGuaranteedUnusableCellCountAllStd",
      "firstIterationGuaranteedUnusableCellCountAllSum",
      "firstIterationActionableCellAllCountMax",
      "firstIterationActionableCellAllCountStd",
      "firstIterationActionableCellAllCountSum",
      "requiredSumAllMean",
      "requiredSumAllStd",
      "cellCountLargerThanTargetAllSum",
      "deductionIterations",
      "percentUnresolvedCellsAfterDeduction",
      "percentUnresolvedCellsAfterDeductionI1",
      "percentUnresolvedCellsAfterDeductionI2",
      "autoCompleteWasAvailable",
      "gameDateAsPercent"
    ],
    "lambda": 10,
    "transform": "log1p",
    "featureMeans": [
      0.47318611987381703,
      0.0021810922712933753,
      0.4335211056031244,
      0.12383116345461852,
      0.5215846310483537,
      0.7105528015622664,
      0.21738693253676905,
      1.1462312019094347,
      0.8762267788293024,
      0.27006229973804874,
      1.667815832957789,
      2.0414977456399086,
      0.9902504178969577,
      0.5909873483217334,
      2.1167192429022084,
      0.03066338552011527,
      0.28935223832493623,
      0.10241356663590781,
      0.6151419558359621,
      0.6247221158784396
    ],
    "featureStds": [
      0.3491634076377554,
      0.004146370456567396,
      0.28268827806998065,
      0.08311837702925366,
      0.4539091496833649,
      0.17963239265729353,
      0.072039155263418,
      0.6186971891096221,
      0.20399807171417625,
      0.08629296628495298,
      0.8820758721061974,
      0.4454145708253409,
      0.23186665447385627,
      0.42849804861148083,
      1.0366796487083718,
      0.16199565682435113,
      0.29476552809665896,
      0.2267547675395901,
      0.4865617432621161,
      0.2802875393431087
    ],
    "weights": [
      12.110418339594954,
      0.6438975722868232,
      0.024726175968257897,
      0.013265089586928146,
      -0.05289693223157228,
      -0.02223112566441842,
      -0.007712160629070167,
      -0.11098646174943688,
      -0.04710924998407299,
      0.01827941385519132,
      -0.0757270838386289,
      -0.044482876285207314,
      0.13944754240440968,
      -0.027314315912322487,
      0.01850014125119488,
      0.08744243478095205,
      0.07215210173887632,
      0.029091725838831687,
      0.0852055621524856,
      -0.006910446837540232,
      -0.10926372799399167
    ],
    "perSizeMeans": {},
    "globalMean": 362148.12302839116
  },
  "metrics": {
    "rmse": 232697.36607180836,
    "mae": 104954.25823103408,
    "r2": 0.8007980512970074
  },
  "perSizeRmse": {
    "0": 15075.28238330069,
    "1": 495958.9163037323,
    "0.5": 68502.49927597938,
    "0.75": 190737.90926896094,
    "0.25": 33096.4720648093
  },
  "perSizeMae": {
    "0": 11765.409189720414,
    "1": 359396.5960989259,
    "0.5": 54145.848890441615,
    "0.75": 107742.72307940449,
    "0.25": 23162.36070230698
  },
  "baseline": {
    "model": {
      "version": 1,
      "modelType": "baseline",
      "features": [
        "boardSize",
        "firstIterationFalsePositiveSolutionCountAllMin",
        "firstIterationGuaranteedRequiredCellCountMax",
        "firstIterationGuaranteedRequiredCellCountStd",
        "firstIterationGuaranteedRequiredCellCountSum",
        "firstIterationGuaranteedUnusableCellCountAllMax",
        "firstIterationGuaranteedUnusableCellCountAllStd",
        "firstIterationGuaranteedUnusableCellCountAllSum",
        "firstIterationActionableCellAllCountMax",
        "firstIterationActionableCellAllCountStd",
        "firstIterationActionableCellAllCountSum",
        "requiredSumAllMean",
        "requiredSumAllStd",
        "cellCountLargerThanTargetAllSum",
        "deductionIterations",
        "percentUnresolvedCellsAfterDeduction",
        "percentUnresolvedCellsAfterDeductionI1",
        "percentUnresolvedCellsAfterDeductionI2",
        "autoCompleteWasAvailable",
        "gameDateAsPercent"
      ],
      "perSizeMeans": {
        "0": 48632.34920634921,
        "1": 1129339.2295081967,
        "0.5": 219062.74626865672,
        "0.75": 427737.5625,
        "0.25": 97933.55128205128
      },
      "globalMean": 362148.12302839116
    },
    "metrics": {
      "rmse": 345210.84468943655,
      "mae": 159126.54090834325,
      "r2": 0.5615909520444331
    },
    "perSizeRmse": {
      "0": 19346.691546840775,
      "1": 713873.8780161727,
      "0.5": 87649.043174762,
      "0.75": 354006.1690097096,
      "0.25": 41880.54500721506
    },
    "perSizeMae": {
      "0": 13987.024214130091,
      "1": 532684.4064695551,
      "0.5": 67487.13329578527,
      "0.75": 215772.39692982458,
      "0.25": 28070.11749182717
    }
  },
  "ridgeCandidates": [
    {
      "model": {
        "modelType": "ridge",
        "lambda": 10,
        "transform": "log1p"
      },
      "metrics": {
        "rmse": 232697.36607180836,
        "mae": 104954.25823103408,
        "r2": 0.8007980512970074
      }
    },
    {
      "model": {
        "modelType": "ridge",
        "lambda": 1,
        "transform": "log1p"
      },
      "metrics": {
        "rmse": 237493.3833331161,
        "mae": 105882.55910878834,
        "r2": 0.7925021139088669
      }
    },
    {
      "model": {
        "modelType": "ridge",
        "lambda": 0.1,
        "transform": "log1p"
      },
      "metrics": {
        "rmse": 238444.49888863156,
        "mae": 106155.1753646372,
        "r2": 0.7908368072981223
      }
    },
    {
      "model": {
        "modelType": "ridge",
        "lambda": 0.01,
        "transform": "log1p"
      },
      "metrics": {
        "rmse": 238547.6346394095,
        "mae": 106185.83607370079,
        "r2": 0.7906558270835349
      }
    },
    {
      "model": {
        "modelType": "ridge",
        "lambda": 0.001,
        "transform": "log1p"
      },
      "metrics": {
        "rmse": 238558.03328621222,
        "mae": 106188.92336902852,
        "r2": 0.7906375754369426
      }
    },
    {
      "model": {
        "modelType": "ridge",
        "lambda": 0.0001,
        "transform": "log1p"
      },
      "metrics": {
        "rmse": 238559.0740060951,
        "mae": 106189.23231233915,
        "r2": 0.7906357487274394
      }
    },
    {
      "model": {
        "modelType": "ridge",
        "lambda": 10,
        "transform": "none"
      },
      "metrics": {
        "rmse": 248627.06187962345,
        "mae": 123980.83702770571,
        "r2": 0.7725911074724758
      }
    },
    {
      "model": {
        "modelType": "ridge",
        "lambda": 1,
        "transform": "none"
      },
      "metrics": {
        "rmse": 251591.25991816688,
        "mae": 126667.80458090043,
        "r2": 0.767136324727217
      }
    },
    {
      "model": {
        "modelType": "ridge",
        "lambda": 0.1,
        "transform": "none"
      },
      "metrics": {
        "rmse": 252137.14073678004,
        "mae": 127225.45202904176,
        "r2": 0.7661247338147259
      }
    },
    {
      "model": {
        "modelType": "ridge",
        "lambda": 0.01,
        "transform": "none"
      },
      "metrics": {
        "rmse": 252196.07222749564,
        "mae": 127285.40140193161,
        "r2": 0.7660153946770735
      }
    },
    {
      "model": {
        "modelType": "ridge",
        "lambda": 0.001,
        "transform": "none"
      },
      "metrics": {
        "rmse": 252202.01346086105,
        "mae": 127291.50437609946,
        "r2": 0.7660043701317146
      }
    },
    {
      "model": {
        "modelType": "ridge",
        "lambda": 0.0001,
        "transform": "none"
      },
      "metrics": {
        "rmse": 252202.6080698935,