{
  "selectedModel": {
    "version": 1,
    "modelType": "ridge",
    "features": [
      "boardSize",
      "allExactCombinationCountMin",
      "allExactCombinationCountMax",
      "allAlwaysRequiredCountMax",
      "allAlwaysRequiredCountStd",
      "allNeverUsedCountMax",
      "allNeverUsedCountStd",
      "allNeverAndAlwaysCountMax",
      "allNeverAndAlwaysCountStd",
      "deductionIterations",
      "unresolvedCellCountAfterDeduction"
    ],
    "lambda": 10,
    "transform": "log1p",
    "featureMeans": [
      6.979591836734694,
      1.5510204081632653,
      13.979591836734693,
      2.63265306122449,
      0.7302480507261027,
      4.979591836734694,
      1.4805128079826868,
      5.918367346938775,
      1.7570456674177533,
      2.061224489795918,
      2.6530612244897958
    ],
    "featureStds": [
      1.3013304952595803,
      1.0313696953872058,
      10.353920278789346,
      1.7106375175261943,
      0.4652593647909072,
      1.347557062793402,
      0.4225197928147009,
      1.3678037616421257,
      0.467601359268802,
      0.9563571031722438,
      13.051782301323811
    ],
    "weights": [
      12.379420196938442,
      0.3888884598485017,
      0.21140308194383794,
      0.18962875787954375,
      0.07372277445241766,
      -0.00283824834518888,
      0.0679012850058762,
      -0.13613374428832742,
      0.10710345748456652,
      -0.09408762650201091,
      0.17092210600035687,
      0.12621942033756903
    ],
    "perSizeMeans": {},
    "globalMean": 440124.306122449
  },
  "metrics": {
    "rmse": 231993.85784038474,
    "mae": 108276.26970353822,
    "r2": 0.8487954604119398
  },
  "perSizeRmse": {
    "5": 32248.54219556875,
    "6": 23743.47722053975,
    "7": 66925.37990649704,
    "8": 226051.48890235557,
    "9": 494726.6946688306
  },
  "baseline": {
    "model": {
      "version": 1,
      "modelType": "baseline",
      "features": [
        "boardSize",
        "allExactCombinationCountMin",
        "allExactCombinationCountMax",
        "allAlwaysRequiredCountMax",
        "allAlwaysRequiredCountStd",
        "allNeverUsedCountMax",
        "allNeverUsedCountStd",
        "allNeverAndAlwaysCountMax",
        "allNeverAndAlwaysCountStd",
        "deductionIterations",
        "unresolvedCellCountAfterDeduction"
      ],
      "perSizeMeans": {
        "5": 63770.857142857145,
        "6": 116950,
        "7": 231809.07142857142,
        "8": 791547.4285714285,
        "9": 1214459.5555555555
      },
      "globalMean": 440124.306122449
    },
    "metrics": {
      "rmse": 497145.57433032757,
      "mae": 239267.01578982244,
      "r2": 0.30564908588028816
    },
    "perSizeRmse": {
      "5": 28747.26856008057,
      "6": 28361.532397930983,
      "7": 100288.61803780642,
      "8": 709461.1794151645,
      "9": 967869.3422471287
    }
  },
  "ridgeCandidates": [
    {
      "model": {
        "modelType": "ridge",
        "lambda": 10,
        "transform": "log1p"
      },
      "metrics": {
        "rmse": 231993.85784038474,
        "mae": 108276.26970353822,
        "r2": 0.8487954604119398
      }
    },
    {
      "model": {
        "modelType": "ridge",
        "lambda": 1,
        "transform": "log1p"
      },
      "metrics": {
        "rmse": 237819.38431785806,
        "mae": 115043.53290650995,
        "r2": 0.8411064173965662
      }
    },
    {
      "model": {
        "modelType": "ridge",
        "lambda": 10,
        "transform": "none"
      },
      "metrics": {
        "rmse": 262448.48236006347,
        "mae": 138445.93834157265,
        "r2": 0.8064915261079385
      }
    },
    {
      "model": {
        "modelType": "ridge",
        "lambda": 1,
        "transform": "none"
      },
      "metrics": {
        "rmse": 274291.7167531068,
        "mae": 164342.22432492705,
        "r2": 0.788632971588886
      }
    },
    {
      "model": {
        "modelType": "ridge",
        "lambda": 0.1,
        "transform": "none"
      },
      "metrics": {
        "rmse": 299450.36101093894,
        "mae": 186549.08221796536,
        "r2": 0.7480806434451244
      }
    },
    {
      "model": {
        "modelType": "ridge",
        "lambda": 0.01,
        "transform": "none"
      },
      "metrics": {
        "rmse": 305619.96586985176,
        "mae": 191244.38066271937,
        "r2": 0.7375930688802406
      }
    },
    {
      "model": {
        "modelType": "ridge",
        "lambda": 0.001,
        "transform": "none"
      },
      "metrics": {
        "rmse": 306335.00612255983,
        "mae": 191810.72191798378,
        "r2": 0.7363637577469054
      }
    },
    {
      "model": {
        "modelType": "ridge",
        "lambda": 0.0001,
        "transform": "none"
      },
      "metrics": {
        "rmse": 306407.6641936876,
        "mae": 191868.11152791712,
        "r2": 0.736238681786707
      }
    },
    {
      "model": {
        "modelType": "ridge",
        "lambda": 0.1,
        "transform": "log1p"
      },
      "metrics": {
        "rmse": 333420.40888342896,
        "mae": 147601.14271124726,
        "r2": 0.6876825745924775
      }
    },
    {
      "model": {
        "modelType": "ridge",
        "lambda": 0.01,
        "transform": "log1p"
      },
      "metrics": {
        "rmse": 370255.60581448354,
        "mae": 156868.1070224152,
        "r2": 0.6148630900428892
      }
    },
    {
      "model": {
        "modelType": "ridge",
        "lambda": 0.001,
        "transform": "log1p"
      },
      "metrics": {
        "rmse": 374810.7598977911,
        "mae": 157964.57383604755,
        "r2": 0.6053283273820255
      }
    },
    {
      "model": {
        "modelType": "ridge",
        "lambda": 0.0001,
        "transform": "log1p"
      },
      "metrics": {
        "rmse": 375276.75568936125,
        "mae": 158076.2246580424,
        "r2": 0.6043463402697256
      }
    }
  ],
  "predictionForGame27": 42.721420999189114
}