{
  "selectedModel": {
    "version": 1,
    "modelType": "ridge",
    "features": [
      "boardSize",
      "firstIterationFalsePositiveSolutionCountAllMin",
      "firstIterationGuaranteedRequiredCellCountMax",
      "firstIterationGuaranteedRequiredCellCountStd",
      "firstIterationGuaranteedRequiredCellCountSum",
      "firstIterationGuaranteedUnusableCellCountAllMax",
      "firstIterationGuaranteedUnusableCellCountAllStd",
      "firstIterationGuaranteedUnusableCellCountAllSum",
      "firstIterationRequiredCellCountVsGoalAllMean",
      "firstIterationRequiredCellCountVsGoalAllStd",
      "firstIterationUnusableCellCountVsGoalAllMean",
      "firstIterationUnusableCellCountVsGoalAllStd",
      "firstIterationUnusableCellCountVsGoalAllSum",
      "firstIterationActionableCellAllCountMax",
      "firstIterationActionableCellAllCountStd",
      "firstIterationActionableCellAllCountSum",
      "goalSumAllMean",
      "goalSumAllStd",
      "cellCountLargerThanTargetAllSum",
      "deductionIterations",
      "percentUnresolvedCellsAfterDeduction",
      "percentUnresolvedCellsAfterDeductionI1",
      "percentUnresolvedCellsAfterDeductionI2",
      "breaksMinutes"
    ],
    "lambda": 10,
    "transform": "log1p",
    "featureMeans": [
      0.48669467787114845,
      0.0022704394257703083,
      0.4319183228847094,
      0.12248133185696555,
      0.509450817363983,
      0.7087857365168303,
      0.21579578895960289,
      1.1263420182887962,
      0.05468851635724578,
      0.0962978479858025,
      0.2951240084067156,
      0.6028737571455806,
      5.88704347281976,
      0.8711929216130897,
      0.26810539656266663,
      1.6357928356527793,
      2.0468327167727765,
      0.9905913352398182,
      0.5846475627287956,
      2.134453781512605,
      0.02964843344745305,
      0.29465307286935943,
      0.10174682747878692,
      2.35441984932862
    ],
    "featureStds": [
      0.3460432597099999,
      0.00425275292988336,
      0.28424329774732987,
      0.08336546859509796,
      0.45155990920427347,
      0.18107973723822746,
      0.07132010214452902,
      0.6049562678361091,
      0.05407993052835572,
      0.08272139625957489,
      0.24380898142534313,
      0.46905823177009,
      4.922532674008554,
      0.20802307470622816,
      0.08569665743353175,
      0.8644506475362019,
      0.44248836576908257,
      0.22801025603769123,
      0.41875981157312947,
      1.0283736834136723,
      0.15921712205590313,
      0.2943693392826661,
      0.22358209496190826,
      11.87781007413919
    ],
    "weights": [
      12.140514675806076,
      0.6352486326105177,
      0.010672788339219596,
      0.030314077343062264,
      -0.08086095929116976,
      0.013101429488518017,
      -0.015108348518712005,
      -0.10670874222477324,
      -0.04205835072625652,
      -0.02303659226807662,
      0.01788542496435759,
      -0.08967440148841091,
      0.004916601100021126,
      0.10293954812998729,
      0.010773186301269638,
      -0.07141985692862364,
      -0.022589355022255144,
      0.10535622746439219,
      -0.013519133700988872,
      -0.018888632118030414,
      0.07587798452945405,
      0.08316192523348198,
      0.03981423444390678,
      0.07809622918623241,
      0.06885911031802693
    ],
    "perSizeMeans": {},
    "globalMean": 364241.8963585434
  },
  "metrics": {
    "rmse": 222689.96021297853,
    "mae": 101354.89155016886,
    "r2": 0.8109242129618595
  },
  "perSizeRmse": {
    "0": 17302.28288064032,
    "1": 458316.25467689615,
    "0.5": 68662.07567443783,
    "0.75": 210013.44655375605,
    "0.25": 32590.201795278877
  },
  "perSizeMae": {
    "0": 13204.839379238967,
    "1": 324010.66906504007,
    "0.5": 55341.63243558507,
    "0.75": 109659.19765517423,
    "0.25": 23256.252245666143
  },
  "baseline": {
    "model": {
      "version": 1,
      "modelType": "baseline",
      "features": [
        "boardSize",
        "firstIterationFalsePositiveSolutionCountAllMin",
        "firstIterationGuaranteedRequiredCellCountMax",
        "firstIterationGuaranteedRequiredCellCountStd",
        "firstIterationGuaranteedRequiredCellCountSum",
        "firstIterationGuaranteedUnusableCellCountAllMax",
        "firstIterationGuaranteedUnusableCellCountAllStd",
        "firstIterationGuaranteedUnusableCellCountAllSum",
        "firstIterationRequiredCellCountVsGoalAllMean",
        "firstIterationRequiredCellCountVsGoalAllStd",
        "firstIterationUnusableCellCountVsGoalAllMean",
        "firstIterationUnusableCellCountVsGoalAllStd",
        "firstIterationUnusableCellCountVsGoalAllSum",
        "firstIterationActionableCellAllCountMax",
        "firstIterationActionableCellAllCountStd",
        "firstIterationActionableCellAllCountSum",
        "goalSumAllMean",
        "goalSumAllStd",
        "cellCountLargerThanTargetAllSum",
        "deductionIterations",
        "percentUnresolvedCellsAfterDeduction",
        "percentUnresolvedCellsAfterDeductionI1",
        "percentUnresolvedCellsAfterDeductionI2",
        "breaksMinutes"
      ],
      "perSizeMeans": {
        "0": 48616.42424242424,
        "1": 1114132.7428571428,
        "0.5": 214555.6,
        "0.75": 410768.56140350876,
        "0.25": 98311.01190476191
      },
      "globalMean": 364241.8963585434
    },
    "metrics": {
      "rmse": 338822.2311103669,
      "mae": 157103.90395193343,
      "r2": 0.5622980944637531
    },
    "perSizeRmse": {
      "0": 19018.30220914596,
      "1": 699976.5132712711,
      "0.5": 88084.30772618508,
      "0.75": 321807.2029587226,
      "0.25": 40618.61284308875
    },
    "perSizeMae": {
      "0": 13584.537526938468,
      "1": 524168.1045918368,
      "0.5": 68543.09296875,
      "0.75": 186933.06236121696,
      "0.25": 28084.701435051615
    }
  },
  "ridgeCandidates": [
    {
      "model": {
        "modelType": "ridge",
        "lambda": 10,
        "transform": "log1p"
      },
      "metrics": {
        "rmse": 222689.96021297853,
        "mae": 101354.89155016886,
        "r2": 0.8109242129618595
      }
    },
    {
      "model": {
        "modelType": "ridge",
        "lambda": 1,
        "transform": "log1p"
      },
      "metrics": {
        "rmse": 225417.54724251936,
        "mae": 102122.93452969265,
        "r2": 0.8062641103665579
      }
    },
    {
      "model": {
        "modelType": "ridge",
        "lambda": 0.1,
        "transform": "log1p"
      },
      "metrics": {
        "rmse": 225931.35954161492,
        "mae": 102309.50276131753,
        "r2": 0.805379908286747
      }
    },
    {
      "model": {
        "modelType": "ridge",
        "lambda": 0.01,
        "transform": "log1p"
      },
      "metrics": {
        "rmse": 225979.4471582643,
        "mae": 102342.12362661678,
        "r2": 0.8052970529243503
      }
    },
    {
      "model": {
        "modelType": "ridge",
        "lambda": 0.001,
        "transform": "log1p"
      },
      "metrics": {
        "rmse": 225984.16950577399,
        "mae": 102345.46963930984,
        "r2": 0.8052889153295747
      }
    },
    {
      "model": {
        "modelType": "ridge",
        "lambda": 0.0001,
        "transform": "log1p"
      },
      "metrics": {
        "rmse": 225984.64079654028,
        "mae": 102345.80443591332,
        "r2": 0.8052881031874483
      }
    },
    {
      "model": {
        "modelType": "ridge",
        "lambda": 10,
        "transform": "none"
      },
      "metrics": {
        "rmse": 226942.15451720613,
        "mae": 112706.87135522364,
        "r2": 0.8036345900041668
      }
    },
    {
      "model": {
        "modelType": "ridge",
        "lambda": 1,
        "transform": "none"
      },
      "metrics": {
        "rmse": 228241.72660435617,
        "mae": 116606.07353721665,
        "r2": 0.801379198756413
      }
    },
    {
      "model": {
        "modelType": "ridge",
        "lambda": 0.1,
        "transform": "none"
      },
      "metrics": {
        "rmse": 228769.57206119655,