{
  "selectedModel": {
    "version": 1,
    "modelType": "ridge",
    "features": [
      "boardSize",
      "firstIterationFalsePositiveSolutionCountAllMin",
      "firstIterationGuaranteedRequiredCellCountMax",
      "firstIterationGuaranteedRequiredCellCountStd",
      "firstIterationGuaranteedUnusableCellCountAllMax",
      "firstIterationGuaranteedUnusableCellCountAllStd",
      "firstIterationActionableCellCountGrpMin",
      "firstIterationActionableCellCountGrpMax",
      "firstIterationActionableCellAllCountMax",
      "firstIterationActionableCellAllCountStd",
      "percentUnresolvedCellsAfterDeduction",
      "percentUnresolvedCellsAfterDeductionI1",
      "percentUnresolvedCellsAfterDeductionI2",
      "autoCompleteWasAvailable"
    ],
    "lambda": 10,
    "transform": "log1p",
    "featureMeans": [
      6.8882352941176475,
      0.5588235294117647,
      2.6941176470588237,
      0.7576353049533511,
      4.817647058823529,
      1.4594441514397176,
      0.18823529411764706,
      4.635294117647059,
      5.870588235294117,
      1.7911129916428652,
      0.03568218954248366,
      0.2828544880915329,
      0.10631481759370416,
      0.2823529411764706
    ],
    "featureStds": [
      1.424319178101336,
      1.1425249764444128,
      1.7356031629091784,
      0.4718663747420625,
      1.4898619336417986,
      0.466048795755138,
      0.4600285834356973,
      1.9754198887892735,
      1.5090958359940347,
      0.47067922148468905,
      0.17250657393367946,
      0.29984944091021815,
      0.2276814647515812,
      0.4501441522284471
    ],
    "weights": [
      12.18772873133051,
      0.6072472024978738,
      0.1485313911063943,
      -0.017392925336716332,
      0.01766179576063402,
      0.04012586564586054,
      -0.1924441875620585,
      -0.08210504819079228,
      0.00025696837445190454,
      0.19759299748376843,
      -0.14085973823900816,
      0.017822194354196963,
      0.1689642017500374,
      0.08245286442389807,
      -0.05065777071271888
    ],
    "perSizeMeans": {},
    "globalMean": 394919.40588235296
  },
  "metrics": {
    "rmse": 266103.54648893327,
    "mae": 125941.5925176166,
    "r2": 0.7732685083543546
  },
  "perSizeRmse": {
    "5": 21085.74284174566,
    "6": 42745.31752376093,
    "7": 72351.84592934034,
    "8": 233116.4058443537,
    "9": 557478.5612448073
  },
  "perSizeMae": {
    "5": 17173.693660924888,
    "6": 27746.64082227901,
    "7": 56513.84367542324,
    "8": 137582.1399194291,
    "9": 423492.9791345071
  },
  "baseline": {
    "model": {
      "version": 1,
      "modelType": "baseline",
      "features": [
        "boardSize",
        "firstIterationFalsePositiveSolutionCountAllMin",
        "firstIterationGuaranteedRequiredCellCountMax",
        "firstIterationGuaranteedRequiredCellCountStd",
        "firstIterationGuaranteedUnusableCellCountAllMax",
        "firstIterationGuaranteedUnusableCellCountAllStd",
        "firstIterationActionableCellCountGrpMin",
        "firstIterationActionableCellCountGrpMax",
        "firstIterationActionableCellAllCountMax",
        "firstIterationActionableCellAllCountStd",
        "percentUnresolvedCellsAfterDeduction",
        "percentUnresolvedCellsAfterDeductionI1",
        "percentUnresolvedCellsAfterDeductionI2",
        "autoCompleteWasAvailable"
      ],
      "perSizeMeans": {
        "5": 53004.94594594595,
        "6": 108851.48717948717,
        "7": 237203.39393939395,
        "8": 489818.35714285716,
        "9": 1193554
      },
      "globalMean": 394919.40588235296
    },
    "metrics": {
      "rmse": 386672.43861818605,
      "mae": 185117.42472871763,
      "r2": 0.5212630433001622
    },
    "perSizeRmse": {
      "5": 23229.75938950129,
      "6": 48411.63550666024,
      "7": 95657.26957507501,
      "8": 440905.5753205187,
      "9": 769911.0783826245
    },
    "perSizeMae": {
      "5": 17593.8670083877,
      "6": 31170.080076509512,
      "7": 72199.78334628334,
      "8": 289268.96922642563,
      "9": 579431.2731157732
    }
  },
  "ridgeCandidates": [
    {
      "model": {
        "modelType": "ridge",
        "lambda": 10,
        "transform": "log1p"
      },
      "metrics": {
        "rmse": 266103.54648893327,
        "mae": 125941.5925176166,
        "r2": 0.7732685083543546
      }
    },
    {
      "model": {
        "modelType": "ridge",
        "lambda": 1,
        "transform": "log1p"
      },
      "metrics": {
        "rmse": 268709.8112202459,
        "mae": 127361.91953944266,
        "r2": 0.7688054630760662
      }
    },
    {
      "model": {
        "modelType": "ridge",
        "lambda": 0.1,
        "transform": "log1p"
      },
      "metrics": {
        "rmse": 270914.6377616885,
        "mae": 127230.30837004619,
        "r2": 0.7649958877398212
      }
    },
    {
      "model": {
        "modelType": "ridge",
        "lambda": 0.01,
        "transform": "log1p"
      },
      "metrics": {
        "rmse": 271321.22192611144,
        "mae": 127250.13319909513,
        "r2": 0.7642899779333665
      }
    },
    {
      "model": {
        "modelType": "ridge",
        "lambda": 0.001,
        "transform": "log1p"
      },
      "metrics": {
        "rmse": 271364.8794629826,
        "mae": 127252.02958322538,
        "r2": 0.7642141169534147
      }
    },
    {
      "model": {
        "modelType": "ridge",
        "lambda": 0.0001,
        "transform": "log1p"
      },
      "metrics": {
        "rmse": 271369.27689597505,
        "mae": 127252.21837524425,
        "r2": 0.7642064751316404
      }
    },
    {
      "model": {
        "modelType": "ridge",
        "lambda": 10,
        "transform": "none"
      },
      "metrics": {
        "rmse": 280765.6983680521,
        "mae": 139580.47739779225,
        "r2": 0.7475946149471658
      }
    },
    {
      "model": {
        "modelType": "ridge",
        "lambda": 1,
        "transform": "none"
      },
      "metrics": {
        "rmse": 291832.6539705848,
        "mae": 148409.8740535023,
        "r2": 0.7273043003085311
      }
    },
    {
      "model": {
        "modelType": "ridge",
        "lambda": 0.1,
        "transform": "none"
      },
      "metrics": {
        "rmse": 295652.91328893113,
        "mae": 150979.73189806836,
        "r2": 0.7201180793685047
      }
    },
    {
      "model": {
        "modelType": "ridge",
        "lambda": 0.01,
        "transform": "none"
      },
      "metrics": {
        "rmse": 296133.9652633925,
        "mae": 151295.13140858142,
        "r2": 0.7192065559035912
      }
    },
    {
      "model": {
        "modelType": "ridge",
        "lambda": 0.001,
        "transform": "none"
      },
      "metrics": {
        "rmse": 296183.37829425785,
        "mae": 151327.27352532494,
        "r2": 0.7191128414747887
      }
    },
    {
      "model": {
        "modelType": "ridge",
        "lambda": 0.0001,
        "transform": "none"
      },
      "metrics": {
        "rmse": 296188.33305600384,
        "mae": 151330.4939096187,
        "r2": 0.7191034436443167
      }
    }
  ],
  "predictionForGame27": 28.032112167257107
}