{
  "selectedModel": {
    "version": 1,
    "modelType": "ridge",
    "features": [
      "boardSize",
      "firstIterationFalsePositiveSolutionCountAllMin",
      "firstIterationGuaranteedRequiredCellCountMax",
      "firstIterationGuaranteedRequiredCellCountStd",
      "firstIterationGuaranteedRequiredCellCountSum",
      "firstIterationGuaranteedUnusableCellCountAllMax",
      "firstIterationGuaranteedUnusableCellCountAllStd",
      "firstIterationGuaranteedUnusableCellCountAllSum",
      "firstIterationActionableCellAllCountMax",
      "firstIterationActionableCellAllCountStd",
      "firstIterationActionableCellAllCountSum",
      "cellCountLargerThanTargetAllSum",
      "percentUnresolvedCellsAfterDeduction",
      "percentUnresolvedCellsAfterDeductionI1",
      "percentUnresolvedCellsAfterDeductionI2",
      "autoCompleteWasAvailable",
      "gameDateAsPercent"
    ],
    "lambda": 10,
    "transform": "log1p",
    "featureMeans": [
      0.4770408163265306,
      0.002072704081632653,
      0.4224388564949789,
      0.12157613862197686,
      0.5330330147932191,
      0.7140184645286682,
      0.22061369291134708,
      1.1764901198574667,
      0.8745444606413993,
      0.2729164436813689,
      1.709523134650686,
      0.6022392290249435,
      0.03094883786848072,
      0.28893512653549697,
      0.10619676938235614,
      0.37755102040816324,
      0.5853749155782364
    ],
    "featureStds": [
      0.35729770695493135,
      0.004127355338669238,
      0.2838041801833701,
      0.08399348312526966,
      0.471389060786578,
      0.1833414778675733,
      0.07373662023101107,
      0.6323508092752026,
      0.2133397726803858,
      0.08854310557830683,
      0.9116220313539799,
      0.4297123167978495,
      0.16111316292279784,
      0.3001933511796036,
      0.2271153559352975,
      0.48477442939672294,
      0.28830586665271213
    ],
    "weights": [
      12.176977405986584,
      0.5961230076295532,
      0.01884243063166189,
      -0.016176535042799863,
      -0.0223612486595758,
      0.004991021743255239,
      -0.016589148094602574,
      -0.15351726542523925,
      -0.09830911230166216,
      0.06702348276418932,
      -0.12770066703370916,
      -0.06561176848956041,
      -0.015742380645013015,
      0.04771395051924109,
      0.06922565251210687,
      0.10014558880837934,
      -0.010007864215288723,
      -0.07076793043900301
    ],
    "perSizeMeans": {},
    "globalMean": 389357.22959183675
  },
  "metrics": {
    "rmse": 233405.5735461465,
    "mae": 110037.51377036331,
    "r2": 0.8160009566900145
  },
  "perSizeRmse": {
    "0": 17725.99790339581,
    "1": 485300.3741310547,
    "0.5": 73843.5183974302,
    "0.75": 193440.87606478142,
    "0.25": 38893.14751816443
  },
  "perSizeMae": {
    "0": 13860.453773307176,
    "1": 358509.34323586215,
    "0.5": 56756.848205166134,
    "0.75": 112786.9041571822,
    "0.25": 26429.3795072358
  },
  "baseline": {
    "model": {
      "version": 1,
      "modelType": "baseline",
      "features": [
        "boardSize",
        "firstIterationFalsePositiveSolutionCountAllMin",
        "firstIterationGuaranteedRequiredCellCountMax",
        "firstIterationGuaranteedRequiredCellCountStd",
        "firstIterationGuaranteedRequiredCellCountSum",
        "firstIterationGuaranteedUnusableCellCountAllMax",
        "firstIterationGuaranteedUnusableCellCountAllStd",
        "firstIterationGuaranteedUnusableCellCountAllSum",
        "firstIterationActionableCellAllCountMax",
        "firstIterationActionableCellAllCountStd",
        "firstIterationActionableCellAllCountSum",
        "cellCountLargerThanTargetAllSum",
        "percentUnresolvedCellsAfterDeduction",
        "percentUnresolvedCellsAfterDeductionI1",
        "percentUnresolvedCellsAfterDeductionI2",
        "autoCompleteWasAvailable",
        "gameDateAsPercent"
      ],
      "perSizeMeans": {
        "0": 51019.13953488372,
        "1": 1161977.7435897435,
        "0.5": 232555.7,
        "0.75": 469651.0625,
        "0.25": 106476.19047619047
      },
      "globalMean": 389357.22959183675
    },
    "metrics": {
      "rmse": 364416.9376569571,
      "mae": 178202.32750798276,
      "r2": 0.5514713092293524
    },
    "perSizeRmse": {
      "0": 22399.607058741312,
      "1": 719840.2242549164,
      "0.5": 95855.88360526695,
      "0.75": 408300.9986304536,
      "0.25": 47882.43721468729
    },
    "perSizeMae": {
      "0": 16884.173539183117,
      "1": 554911.5050403225,
      "0.5": 74959.6828125,
      "0.75": 257740.8826923077,
      "0.25": 31285.535098888045
    }
  },
  "ridgeCandidates": [
    {
      "model": {
        "modelType": "ridge",
        "lambda": 10,
        "transform": "log1p"
      },
      "metrics": {
        "rmse": 233405.5735461465,
        "mae": 110037.51377036331,
        "r2": 0.8160009566900145
      }
    },
    {
      "model": {
        "modelType": "ridge",
        "lambda": 1,
        "transform": "log1p"
      },
      "metrics": {
        "rmse": 241551.5905624019,
        "mae": 115449.64996201514,
        "r2": 0.8029334456463535
      }
    },
    {
      "model": {
        "modelType": "ridge",
        "lambda": 0.1,
        "transform": "log1p"
      },
      "metrics": {
        "rmse": 243816.80500210862,
        "mae": 116946.56061971039,
        "r2": 0.7992200268142867
      }
    },
    {
      "model": {
        "modelType": "ridge",
        "lambda": 0.01,
        "transform": "log1p"
      },
      "metrics": {
        "rmse": 244071.74641668974,
        "mae": 117110.12494348807,
        "r2": 0.7987999254049208
      }
    },
    {
      "model": {
        "modelType": "ridge",
        "lambda": 0.001,
        "transform": "log1p"
      },
      "metrics": {
        "rmse": 244097.52411361187,
        "mae": 117126.61362944896,
        "r2": 0.7987574235708892
      }
    },
    {
      "model": {
        "modelType": "ridge",
        "lambda": 0.0001,
        "transform": "log1p"
      },
      "metrics": {
        "rmse": 244100.10469596606,
        "mae": 117128.26381955208,
        "r2": 0.798753168502849
      }
    },
    {
      "model": {
        "modelType": "ridge",
        "lambda": 10,
        "transform": "none"
      },
      "metrics": {
        "rmse": 244321.08700359982,
        "mae": 124104.47387601864,
        "r2": 0.7983886285581295
      }
    },
    {
      "model": {
        "modelType": "ridge",
        "lambda": 1,
        "transform": "none"
      },
      "metrics": {
        "rmse": 245790.01805928428,
        "mae": 125439.0264527327,
        "r2": 0.7959570456856382
      }
    },
    {
      "model": {
        "modelType": "ridge",
        "lambda": 0.1,
        "transform": "none"
      },
      "metrics": {
        "rmse": 246280.95178331286,
        "mae": 126468.07045735278,
        "r2": 0.7951411329152136
      }
    },
    {
      "model": {
        "modelType": "ridge",
        "lambda": 0.01,
        "transform": "none"
      },
      "metrics": {
        "rmse": 246340.1047308092,
        "mae": 126594.65129572163,
        "r2": 0.7950427131145622
      }
    },
    {
      "model": {
        "modelType": "ridge",
        "lambda": 0.001,
        "transform": "none"
      },
      "metrics": {
        "rmse": 246346.1748570742,
        "mae": 126607.62212976051,
        "r2": 0.7950326121856861
      }
    },
    {
      "model": {
        "modelType": "ridge",
        "lambda": 0.0001,
        "transform": "none"
      },
      "metrics": {
        "rmse": 246346.78348562794,
        "mae": 126608.92248661089,
        "r2": 0.7950315993901029
      }
    }
  ],
  "predictionForGame27": 27.510957039382205
}