{
  "selectedModel": {
    "version": 1,
    "modelType": "ridge",
    "features": [
      "boardSize",
      "firstIterationFalsePositiveSolutionCountAllMin",
      "firstIterationGuaranteedRequiredCellCountMax",
      "firstIterationGuaranteedRequiredCellCountStd",
      "firstIterationGuaranteedUnusableCellCountAllMax",
      "firstIterationGuaranteedUnusableCellCountAllStd",
      "firstIterationActionableCellCountGrpMin",
      "firstIterationActionableCellCountGrpMax",
      "firstIterationActionableCellAllCountMax",
      "firstIterationActionableCellAllCountStd",
      "percentUnresolvedCellsAfterDeduction"
    ],
    "lambda": 10,
    "transform": "log1p",
    "featureMeans": [
      6.9655172413793105,
      0.5862068965517241,
      2.6758620689655173,
      0.7497875375589568,
      4.848275862068966,
      1.4530227097002335,
      0.19310344827586207,
      4.5793103448275865,
      5.875862068965517,
      1.7737128488314617,
      0.030595466155810977
    ],
    "featureStds": [
      1.4210913392637088,
      1.0928369086546974,
      1.733574177602704,
      0.47632462101909046,
      1.514668665180418,
      0.47687334377401336,
      0.4741097170288891,
      2.026272152185035,
      1.5080599943279032,
      0.4829531912408932,
      0.16203319369021635
    ],
    "weights": [
      12.263707537229838,
      0.6784053873444755,
      0.2558770074348804,
      -0.009814433730088109,
      -0.014109106411441023,
      0.07392672465192728,
      -0.22459243025255518,
      -0.07629211251220172,
      -0.013155350747376171,
      0.20936642599656743,
      -0.1533665804790149,
      0.036964801812943364
    ],
    "perSizeMeans": {},
    "globalMean": 407823.9310344828
  },
  "metrics": {
    "rmse": 256855.2825733492,
    "mae": 126765.93584334735,
    "r2": 0.7882758170513651
  },
  "perSizeRmse": {
    "5": 20862.626836878248,
    "6": 43649.84966872257,
    "7": 72754.17008716449,
    "8": 257610.92243025496,
    "9": 508379.0183933521
  },
  "perSizeMae": {
    "5": 16486.678457639984,
    "6": 27821.324703689617,
    "7": 54446.61459437218,
    "8": 144791.72105582064,
    "9": 397071.1426819103
  },
  "baseline": {
    "model": {
      "version": 1,
      "modelType": "baseline",
      "features": [
        "boardSize",
        "firstIterationFalsePositiveSolutionCountAllMin",
        "firstIterationGuaranteedRequiredCellCountMax",
        "firstIterationGuaranteedRequiredCellCountStd",
        "firstIterationGuaranteedUnusableCellCountAllMax",
        "firstIterationGuaranteedUnusableCellCountAllStd",
        "firstIterationActionableCellCountGrpMin",
        "firstIterationActionableCellCountGrpMax",
        "firstIterationActionableCellAllCountMax",
        "firstIterationActionableCellAllCountStd",
        "percentUnresolvedCellsAfterDeduction"
      ],
      "perSizeMeans": {
        "5": 56054.44827586207,
        "6": 113203.78787878787,
        "7": 245202.57692307694,
        "8": 489818.35714285716,
        "9": 1161482.2413793104
      },
      "globalMean": 407823.9310344828
    },
    "metrics": {
      "rmse": 389815.10235580965,
      "mae": 189444.514721717,
      "r2": 0.5123471317364292
    },
    "perSizeRmse": {
      "5": 22244.483281183464,
      "6": 51581.996224216055,
      "7": 96918.95690625563,
      "8": 433877.2300178194,
      "9": 752380.8223347804
    },
    "perSizeMae": {
      "5": 16612.674975012495,
      "6": 33740.65483898817,
      "7": 73102.673992674,
      "8": 282501.21089779784,
      "9": 553915.2421289355
    }
  },
  "ridgeCandidates": [
    {
      "model": {
        "modelType": "ridge",
        "lambda": 10,
        "transform": "log1p"
      },
      "metrics": {
        "rmse": 256855.2825733492,
        "mae": 126765.93584334735,
        "r2": 0.7882758170513651
      }
    },
    {
      "model": {
        "modelType": "ridge",
        "lambda": 10,
        "transform": "none"
      },
      "metrics": {
        "rmse": 279200.3469676879,
        "mae": 163062.29684545778,
        "r2": 0.7498356794708338
      }
    },
    {
      "model": {
        "modelType": "ridge",
        "lambda": 1,
        "transform": "log1p"
      },
      "metrics": {
        "rmse": 280100.4697792675,
        "mae": 135695.70475783848,
        "r2": 0.7482200540304078
      }
    },
    {
      "model": {
        "modelType": "ridge",
        "lambda": 1,
        "transform": "none"
      },
      "metrics": {
        "rmse": 281437.10816122376,
        "mae": 167093.35258266222,
        "r2": 0.7458113346116102
      }
    },
    {
      "model": {
        "modelType": "ridge",
        "lambda": 0.1,
        "transform": "none"
      },
      "metrics": {
        "rmse": 283295.4866772197,
        "mae": 168665.7323407599,
        "r2": 0.7424433469451013
      }
    },
    {
      "model": {
        "modelType": "ridge",
        "lambda": 0.01,
        "transform": "none"
      },
      "metrics": {
        "rmse": 283566.2213543149,
        "mae": 168853.51312094054,
        "r2": 0.7419508376076949
      }
    },
    {
      "model": {
        "modelType": "ridge",
        "lambda": 0.001,
        "transform": "none"
      },
      "metrics": {
        "rmse": 283594.50474475225,
        "mae": 168872.67309077864,
        "r2": 0.7418993584917413
      }
    },
    {
      "model": {
        "modelType": "ridge",
        "lambda": 0.0001,
        "transform": "none"
      },
      "metrics": {
        "rmse": 283597.34569559246,
        "mae": 168874.59301603163,
        "r2": 0.7418941873414204
      }
    },
    {
      "model": {
        "modelType": "ridge",
        "lambda": 0.1,
        "transform": "log1p"
      },
      "metrics": {
        "rmse": 287356.42049133143,
        "mae": 138170.1832110144,
        "r2": 0.7350064691350415
      }
    },
    {
      "model": {
        "modelType": "ridge",
        "lambda": 0.01,
        "transform": "log1p"
      },
      "metrics": {
        "rmse": 288247.65562951675,
        "mae": 138480.17355768915,
        "r2": 0.7333601666902199
      }
    },
    {
      "model": {
        "modelType": "ridge",
        "lambda": 0.001,
        "transform": "log1p"
      },
      "metrics": {
        "rmse": 288339.0353251336,
        "mae": 138513.06991260377,
        "r2": 0.7331910806388539
      }
    },
    {
      "model": {
        "modelType": "ridge",
        "lambda": 0.0001,
        "transform": "log1p"
      },
      "metrics": {
        "rmse": 288348.19674690365,
        "mae": 138516.36732510442,
        "r2": 0.7331741256825346
      }
    }
  ],
  "predictionForGame27": 29.48070397010945
}