{
  "selectedModel": {
    "version": 1,
    "modelType": "ridge",
    "features": [
      "boardSize",
      "firstIterationFalsePositiveSolutionCountAllMin",
      "firstIterationGuaranteedRequiredCellCountMax",
      "firstIterationGuaranteedRequiredCellCountStd",
      "firstIterationGuaranteedUnusableCellCountAllMax",
      "firstIterationGuaranteedUnusableCellCountAllStd",
      "firstIterationActionableCellCountMax",
      "firstIterationActionableCellCountStd",
      "deductionIterations",
      "unresolvedCellCountAfterDeduction",
      "percentUnresolvedCellsAfterDeduction"
    ],
    "lambda": 10,
    "transform": "log1p",
    "featureMeans": [
      7.047169811320755,
      0.5094339622641509,
      2.688679245283019,
      0.7476094177693152,
      5.028301886792453,
      1.500492920748206,
      6.066037735849057,
      1.8170600418750158,
      2.19811320754717,
      1.2264150943396226,
      0.016811524574889353
    ],
    "featureStds": [
      1.37622724286155,
      0.9540903305487188,
      1.8189941630035384,
      0.4892523981222183,
      1.469549713924151,
      0.4587920249260503,
      1.4554313885848045,
      0.46208486625670186,
      1.0588335636378068,
      8.971951070774718,
      0.12140331843748109
    ],
    "weights": [
      12.316413744979853,
      0.5739430219566999,
      0.23743100169658768,
      0.030046269804359777,
      -0.013416000871659898,
      0.09417069653175225,
      -0.17452924023738994,
      0.1647041010939842,
      -0.10439067896858693,
      0.16019478056208308,
      0.053554889912154936,
      0.05987645731598205
    ],
    "perSizeMeans": {},
    "globalMean": 398304.8490566038
  },
  "metrics": {
    "rmse": 200980.6992923812,
    "mae": 97402.74826985801,
    "r2": 0.8392393319785394
  },
  "perSizeRmse": {
    "5": 24110.35829859138,
    "6": 28006.877074811076,
    "7": 70402.47924708118,
    "8": 176740.94040734172,
    "9": 400938.7273487762
  },
  "baseline": {
    "model": {
      "version": 1,
      "modelType": "baseline",
      "features": [
        "boardSize",
        "firstIterationFalsePositiveSolutionCountAllMin",
        "firstIterationGuaranteedRequiredCellCountMax",
        "firstIterationGuaranteedRequiredCellCountStd",
        "firstIterationGuaranteedUnusableCellCountAllMax",
        "firstIterationGuaranteedUnusableCellCountAllStd",
        "firstIterationActionableCellCountMax",
        "firstIterationActionableCellCountStd",
        "deductionIterations",
        "unresolvedCellCountAfterDeduction",
        "percentUnresolvedCellsAfterDeduction"
      ],
      "perSizeMeans": {
        "5": 58631.88888888889,
        "6": 102527.90909090909,
        "7": 246509.52,
        "8": 526527.3684210526,
        "9": 1033753.0909090909
      },
      "globalMean": 398304.8490566038
    },
    "metrics": {
      "rmse": 361364.0074273035,
      "mae": 182964.63492250675,
      "r2": 0.48029022686455536
    },
    "perSizeRmse": {
      "5": 26641.37849554216,
      "6": 30922.41634815293,
      "7": 96901.374762673,
      "8": 483725.8559957153,
      "9": 644117.2936732813
    }
  },
  "ridgeCandidates": [
    {
      "model": {
        "modelType": "ridge",
        "lambda": 10,
        "transform": "log1p"
      },
      "metrics": {
        "rmse": 200980.6992923812,
        "mae": 97402.74826985801,
        "r2": 0.8392393319785394
      }
    },
    {
      "model": {
        "modelType": "ridge",
        "lambda": 1,
        "transform": "log1p"
      },
      "metrics": {
        "rmse": 222857.5811844326,
        "mae": 110918.53829126994,
        "r2": 0.8023367547827123
      }
    },
    {
      "model": {
        "modelType": "ridge",
        "lambda": 10,
        "transform": "none"
      },
      "metrics": {
        "rmse": 234260.78853121476,
        "mae": 138241.85788547198,
        "r2": 0.7815911169633559
      }
    },
    {
      "model": {
        "modelType": "ridge",
        "lambda": 1,
        "transform": "none"
      },
      "metrics": {
        "rmse": 237772.30090123,
        "mae": 143459.96186153134,
        "r2": 0.7749942497473803
      }
    },
    {
      "model": {
        "modelType": "ridge",
        "lambda": 0.1,
        "transform": "log1p"
      },
      "metrics": {
        "rmse": 240679.03478039376,
        "mae": 117280.3124393307,
        "r2": 0.7694592941644155
      }
    },
    {
      "model": {
        "modelType": "ridge",
        "lambda": 0.1,
        "transform": "none"
      },
      "metrics": {
        "rmse": 241298.4195440238,
        "mae": 145914.65861880645,
        "r2": 0.7682711795509495
      }
    },
    {
      "model": {
        "modelType": "ridge",
        "lambda": 0.01,
        "transform": "none"
      },
      "metrics": {
        "rmse": 241922.98496500344,
        "mae": 146280.55709366512,
        "r2": 0.7670700352213071
      }
    },
    {
      "model": {
        "modelType": "ridge",
        "lambda": 0.001,
        "transform": "none"
      },
      "metrics": {
        "rmse": 241992.23852044073,
        "mae": 146317.7842994866,
        "r2": 0.7669366577572636
      }
    },
    {
      "model": {
        "modelType": "ridge",
        "lambda": 0.0001,
        "transform": "none"
      },
      "metrics": {
        "rmse": 241999.24593643312,
        "mae": 146321.51260473934,
        "r2": 0.766923159841399
      }
    },
    {
      "model": {
        "modelType": "ridge",
        "lambda": 0.01,
        "transform": "log1p"
      },
      "metrics": {
        "rmse": 243494.62794473808,
        "mae": 118149.3320645132,
        "r2": 0.7640337642782449
      }
    },
    {
      "model": {
        "modelType": "ridge",
        "lambda": 0.001,
        "transform": "log1p"
      },
      "metrics": {
        "rmse": 243792.63193354715,
        "mae": 118238.95166111235,
        "r2": 0.7634558302976104
      }
    },
    {
      "model": {
        "modelType": "ridge",
        "lambda": 0.0001,
        "transform": "log1p"
      },
      "metrics": {
        "rmse": 243822.60788528892,
        "mae": 118247.9405179275,
        "r2": 0.7633976573128044
      }
    }
  ],
  "predictionForGame27": 48.529053637503246
}