{
  "selectedModel": {
    "version": 1,
    "modelType": "ridge",
    "features": [
      "boardSize",
      "firstIterationFalsePositiveSolutionCountAllMin",
      "firstIterationGuaranteedRequiredCellCountMax",
      "firstIterationGuaranteedUnusableCellCountAllMax",
      "firstIterationActionableCellCountMax",
      "firstIterationActionableCellCountStd",
      "deductionIterations",
      "percentUnresolvedCellsAfterDeduction"
    ],
    "lambda": 1,
    "transform": "log1p",
    "featureMeans": [
      7.073529411764706,
      0.5,
      2.764705882352941,
      5.044117647058823,
      6.117647058823529,
      1.8299945042067998,
      2.1029411764705883,
      0.02620620007262164
    ],
    "featureStds": [
      1.386024535800442,
      0.9776923610938036,
      1.8795935657259364,
      1.4392994980137728,
      1.480554464547437,
      0.47941214683890826,
      0.9257700432668906,
      0.15076118885512335
    ],
    "weights": [
      12.353151150064368,
      0.6772110498063301,
      0.22805905419904246,
      0.10546734038605787,
      0.0017080425892651418,
      0.18544253679561368,
      -0.2267556547399759,
      0.1536177936478374,
      0.13932805121131156
    ],
    "perSizeMeans": {},
    "globalMean": 429699.39705882355
  },
  "metrics": {
    "rmse": 210801.1257361852,
    "mae": 99436.41386262153,
    "r2": 0.8622626414624208
  },
  "perSizeRmse": {
    "5": 20831.92891258316,
    "6": 30730.73587863947,
    "7": 71060.11394878742,
    "8": 140259.52910444216,
    "9": 423553.89557263005
  },
  "baseline": {
    "model": {
      "version": 1,
      "modelType": "baseline",
      "features": [
        "boardSize",
        "firstIterationFalsePositiveSolutionCountAllMin",
        "firstIterationGuaranteedRequiredCellCountMax",
        "firstIterationGuaranteedUnusableCellCountAllMax",
        "firstIterationActionableCellCountMax",
        "firstIterationActionableCellCountStd",
        "deductionIterations",
        "percentUnresolvedCellsAfterDeduction"
      ],
      "perSizeMeans": {
        "5": 58999.181818181816,
        "6": 105736.13333333333,
        "7": 233001.93333333332,
        "8": 598101.3333333334,
        "9": 1087485.4
      },
      "globalMean": 429699.39705882355
    },
    "metrics": {
      "rmse": 435240.4219504592,
      "mae": 220551.13006535944,
      "r2": 0.4128293436169661
    },
    "perSizeRmse": {
      "5": 23976.577723331404,
      "6": 34881.73864498761,
      "7": 99321.82296444499,
      "8": 579985.5701951241,
      "9": 760367.5037492616
    }
  },
  "ridgeCandidates": [
    {
      "model": {
        "modelType": "ridge",
        "lambda": 1,
        "transform": "log1p"
      },
      "metrics": {
        "rmse": 210801.1257361852,
        "mae": 99436.41386262153,
        "r2": 0.8622626414624208
      }
    },
    {
      "model": {
        "modelType": "ridge",
        "lambda": 0.1,
        "transform": "log1p"
      },
      "metrics": {
        "rmse": 219084.55129195203,
        "mae": 105563.36743031944,
        "r2": 0.8512251889655937
      }
    },
    {
      "model": {
        "modelType": "ridge",
        "lambda": 0.01,
        "transform": "log1p"
      },
      "metrics": {
        "rmse": 221413.80296266812,
        "mae": 107062.00212669732,
        "r2": 0.8480448998396606
      }
    },
    {
      "model": {
        "modelType": "ridge",
        "lambda": 0.001,
        "transform": "log1p"
      },
      "metrics": {
        "rmse": 221677.49843706118,
        "mae": 107222.91365125228,
        "r2": 0.847682738740951
      }
    },
    {
      "model": {
        "modelType": "ridge",
        "lambda": 0.0001,
        "transform": "log1p"
      },
      "metrics": {
        "rmse": 221704.20696299366,
        "mae": 107239.12417014982,
        "r2": 0.8476460330344625
      }
    },
    {
      "model": {
        "modelType": "ridge",
        "lambda": 10,
        "transform": "log1p"
      },
      "metrics": {
        "rmse": 242046.24899259984,
        "mae": 114465.12862229232,
        "r2": 0.8184055329841529
      }
    },
    {
      "model": {
        "modelType": "ridge",
        "lambda": 10,
        "transform": "none"
      },
      "metrics": {
        "rmse": 278643.9524264512,
        "mae": 162152.64611392468,
        "r2": 0.7593393186494352
      }
    },
    {
      "model": {
        "modelType": "ridge",
        "lambda": 1,
        "transform": "none"
      },
      "metrics": {
        "rmse": 295082.8978122856,
        "mae": 168869.3304438342,
        "r2": 0.7301055351535624
      }
    },
    {
      "model": {
        "modelType": "ridge",
        "lambda": 0.1,
        "transform": "none"
      },
      "metrics": {
        "rmse": 311086.71808281046,
        "mae": 174874.46963082018,
        "r2": 0.7000362068008781
      }
    },
    {
      "model": {
        "modelType": "ridge",
        "lambda": 0.01,
        "transform": "none"
      },
      "metrics": {
        "rmse": 314056.4873561856,
        "mae": 176236.1733237183,
        "r2": 0.6942816997937
      }
    },
    {
      "model": {
        "modelType": "ridge",
        "lambda": 0.001,
        "transform": "none"
      },
      "metrics": {
        "rmse": 314379.22612734005,
        "mae": 176381.46441450133,
        "r2": 0.693653036798771
      }
    },
    {
      "model": {
        "modelType": "ridge",
        "lambda": 0.0001,
        "transform": "none"
      },
      "metrics": {
        "rmse": 314411.78017142747,
        "mae": 176396.09144464254,
        "r2": 0.69358958891124
      }
    }
  ],
  "predictionForGame27": 48.38138605022457
}