{
  "selectedModel": {
    "version": 1,
    "modelType": "ridge",
    "features": [
      "boardSize",
      "firstIterationFalsePositiveSolutionCountAllMin",
      "firstIterationGuaranteedRequiredCellCountMax",
      "firstIterationGuaranteedRequiredCellCountStd",
      "firstIterationGuaranteedUnusableCellCountAllMax",
      "firstIterationGuaranteedUnusableCellCountAllStd",
      "firstIterationActionableCellCountGrpMin",
      "firstIterationActionableCellCountGrpMax",
      "firstIterationActionableCellAllCountMax",
      "firstIterationActionableCellAllCountStd",
      "percentUnresolvedCellsAfterDeduction"
    ],
    "lambda": 10,
    "transform": "log1p",
    "featureMeans": [
      7.05,
      0.6166666666666667,
      2.716666666666667,
      0.7513111620006843,
      4.891666666666667,
      1.4586328357201868,
      0.16666666666666666,
      4.583333333333333,
      5.925,
      1.782192643975755,
      0.036969521604938264
    ],
    "featureStds": [
      1.419213397155856,
      1.1415145884111844,
      1.8036228972697033,
      0.4905700372415886,
      1.5044147994781514,
      0.4742989717903732,
      0.4533823502911816,
      2.0354497182577496,
      1.51196615923329,
      0.48491937753509745,
      0.1774509816271785
    ],
    "weights": [
      12.332886122196898,
      0.6785486410061047,
      0.24572262512895227,
      -0.017620895421693015,
      -0.016729734330238586,
      0.11774590224218409,
      -0.2021237293367262,
      -0.05977194065400365,
      -0.03866272744019319,
      0.18995505022921047,
      -0.16306960208090956,
      0.05450207965689552
    ],
    "perSizeMeans": {},
    "globalMean": 439000.6666666667
  },
  "metrics": {
    "rmse": 294057.6392835553,
    "mae": 138409.88443977718,
    "r2": 0.7445481598163317
  },
  "perSizeRmse": {
    "5": 23325.742281078543,
    "6": 28164.965862064393,
    "7": 71798.23752993101,
    "8": 276863.8172206056,
    "9": 564570.83328815
  },
  "perSizeMae": {
    "5": 18371.47363253315,
    "6": 24015.6522804766,
    "7": 56135.8160040354,
    "8": 158483.86348240072,
    "9": 402706.1434301597
  },
  "baseline": {
    "model": {
      "version": 1,
      "modelType": "baseline",
      "features": [
        "boardSize",
        "firstIterationFalsePositiveSolutionCountAllMin",
        "firstIterationGuaranteedRequiredCellCountMax",
        "firstIterationGuaranteedRequiredCellCountStd",
        "firstIterationGuaranteedUnusableCellCountAllMax",
        "firstIterationGuaranteedUnusableCellCountAllStd",
        "firstIterationActionableCellCountGrpMin",
        "firstIterationActionableCellCountGrpMax",
        "firstIterationActionableCellAllCountMax",
        "firstIterationActionableCellAllCountStd",
        "percentUnresolvedCellsAfterDeduction"
      ],
      "perSizeMeans": {
        "5": 55398.22727272727,
        "6": 100461.88,
        "7": 246509.52,
        "8": 546621.0952380953,
        "9": 1159555.2222222222
      },
      "globalMean": 439000.6666666667
    },
    "metrics": {
      "rmse": 407974.1481367025,
      "mae": 196443.28898114554,
      "r2": 0.5082896029994859
    },
    "perSizeRmse": {
      "5": 23226.920705554083,
      "6": 30236.64338951994,
      "7": 102354.53090862173,
      "8": 473380.5915507411,
      "9": 744626.1652301269
    },
    "perSizeMae": {
      "5": 16352.776292335118,
      "6": 23938.944000000003,
      "7": 76422.188,
      "8": 312235.2762605042,
      "9": 523980.16658649995
    }
  },
  "ridgeCandidates": [
    {
      "model": {
        "modelType": "ridge",
        "lambda": 10,
        "transform": "log1p"
      },
      "metrics": {
        "rmse": 294057.6392835553,
        "mae": 138409.88443977718,
        "r2": 0.7445481598163317
      }
    },
    {
      "model": {
        "modelType": "ridge",
        "lambda": 10,
        "transform": "none"
      },
      "metrics": {
        "rmse": 309304.2813685519,
        "mae": 167419.2383834971,
        "r2": 0.717371492017808
      }
    },
    {
      "model": {
        "modelType": "ridge",
        "lambda": 1,
        "transform": "none"
      },
      "metrics": {
        "rmse": 312543.53402333957,
        "mae": 169625.70470439346,
        "r2": 0.7114207237412119
      }
    },
    {
      "model": {
        "modelType": "ridge",
        "lambda": 0.1,
        "transform": "none"
      },
      "metrics": {
        "rmse": 313311.0907660177,
        "mae": 171351.33565050512,
        "r2": 0.7100015745312139
      }
    },
    {
      "model": {
        "modelType": "ridge",
        "lambda": 0.01,
        "transform": "none"
      },
      "metrics": {
        "rmse": 313416.0092519142,
        "mae": 171585.42760126956,
        "r2": 0.7098073184641958
      }
    },
    {
      "model": {
        "modelType": "ridge",
        "lambda": 0.001,
        "transform": "none"
      },
      "metrics": {
        "rmse": 313426.9362688419,
        "mae": 171609.3440484457,
        "r2": 0.709787083405832
      }
    },
    {
      "model": {
        "modelType": "ridge",
        "lambda": 0.0001,
        "transform": "none"
      },
      "metrics": {
        "rmse": 313428.03354772134,
        "mae": 171611.74095394323,
        "r2": 0.7097850513848122
      }
    },
    {
      "model": {
        "modelType": "ridge",
        "lambda": 1,
        "transform": "log1p"
      },
      "metrics": {
        "rmse": 316365.52820695605,
        "mae": 145272.71530143573,
        "r2": 0.7043196834420181
      }
    },
    {
      "model": {
        "modelType": "ridge",
        "lambda": 0.1,
        "transform": "log1p"
      },
      "metrics": {
        "rmse": 320774.7076892589,
        "mae": 146023.87062392317,
        "r2": 0.6960204704104933
      }
    },
    {
      "model": {
        "modelType": "ridge",
        "lambda": 0.01,
        "transform": "log1p"
      },
      "metrics": {
        "rmse": 321396.08316322655,
        "mae": 146092.7361344805,
        "r2": 0.6948416469836991
      }
    },
    {
      "model": {
        "modelType": "ridge",
        "lambda": 0.001,
        "transform": "log1p"
      },
      "metrics": {
        "rmse": 321461.550013532,
        "mae": 146099.37058604552,
        "r2": 0.6947173157180123
      }
    },
    {
      "model": {
        "modelType": "ridge",
        "lambda": 0.0001,
        "transform": "log1p"
      },
      "metrics": {
        "rmse": 321468.1325856339,
        "mae": 146100.03137102054,
        "r2": 0.694704813035465
      }
    }
  ],
  "predictionForGame27": 32.63657183207364
}