{
  "selectedModel": {
    "version": 1,
    "modelType": "ridge",
    "features": [
      "boardSize",
      "firstIterationFalsePositiveSolutionCountAllMin",
      "firstIterationGuaranteedRequiredCellCountMax",
      "firstIterationGuaranteedRequiredCellCountStd",
      "firstIterationGuaranteedUnusableCellCountAllMax",
      "firstIterationGuaranteedUnusableCellCountAllStd",
      "firstIterationActionableCellCountGrpMin",
      "firstIterationActionableCellCountGrpMax",
      "firstIterationActionableCellAllCountMax",
      "firstIterationActionableCellAllCountStd",
      "percentUnresolvedCellsAfterDeduction",
      "autoCompleteWasAvailable"
    ],
    "lambda": 0.0001,
    "transform": "log1p",
    "featureMeans": [
      6.8882352941176475,
      0.5588235294117647,
      2.6941176470588237,
      0.7576353049533511,
      4.817647058823529,
      1.4594441514397176,
      0.18823529411764706,
      4.635294117647059,
      5.870588235294117,
      1.7911129916428652,
      0.03568218954248366,
      0.2823529411764706
    ],
    "featureStds": [
      1.424319178101336,
      1.1425249764444128,
      1.7356031629091784,
      0.4718663747420625,
      1.4898619336417986,
      0.466048795755138,
      0.4600285834356973,
      1.9754198887892735,
      1.5090958359940347,
      0.47067922148468905,
      0.17250657393367946,
      0.4501441522284471
    ],
    "weights": [
      12.18772873133051,
      0.9494944895662748,
      0.05940286673551936,
      -0.16412780146698808,
      0.1895281639157057,
      0.018524582382844153,
      -0.19735229792174866,
      -0.04904538003718884,
      0.0024745264441975784,
      0.1271239650481271,
      -0.21697760090159612,
      0.059972428776916165,
      -0.04635538935189474
    ],
    "perSizeMeans": {},
    "globalMean": 394919.40588235296
  },
  "metrics": {
    "rmse": 268336.82835762895,
    "mae": 126923.13839882404,
    "r2": 0.7694468371508876
  },
  "perSizeRmse": {
    "5": 18063.756358726063,
    "6": 38933.65891093363,
    "7": 72945.20925745927,
    "8": 270337.1005343673,
    "9": 549040.6893326632
  },
  "perSizeMae": {
    "5": 14371.382024547227,
    "6": 25552.130639035953,
    "7": 53833.19382957056,
    "8": 158398.47105296183,
    "9": 419303.2337003232
  },
  "baseline": {
    "model": {
      "version": 1,
      "modelType": "baseline",
      "features": [
        "boardSize",
        "firstIterationFalsePositiveSolutionCountAllMin",
        "firstIterationGuaranteedRequiredCellCountMax",
        "firstIterationGuaranteedRequiredCellCountStd",
        "firstIterationGuaranteedUnusableCellCountAllMax",
        "firstIterationGuaranteedUnusableCellCountAllStd",
        "firstIterationActionableCellCountGrpMin",
        "firstIterationActionableCellCountGrpMax",
        "firstIterationActionableCellAllCountMax",
        "firstIterationActionableCellAllCountStd",
        "percentUnresolvedCellsAfterDeduction",
        "autoCompleteWasAvailable"
      ],
      "perSizeMeans": {
        "5": 53004.94594594595,
        "6": 108851.48717948717,
        "7": 237203.39393939395,
        "8": 489818.35714285716,
        "9": 1193554
      },
      "globalMean": 394919.40588235296
    },
    "metrics": {
      "rmse": 386672.43861818605,
      "mae": 185117.42472871763,
      "r2": 0.5212630433001622
    },
    "perSizeRmse": {
      "5": 23229.75938950129,
      "6": 48411.63550666024,
      "7": 95657.26957507501,
      "8": 440905.5753205187,
      "9": 769911.0783826245
    },
    "perSizeMae": {
      "5": 17593.8670083877,
      "6": 31170.080076509512,
      "7": 72199.78334628334,
      "8": 289268.96922642563,
      "9": 579431.2731157732
    }
  },
  "ridgeCandidates": [
    {
      "model": {
        "modelType": "ridge",
        "lambda": 0.0001,
        "transform": "log1p"
      },
      "metrics": {
        "rmse": 268336.82835762895,
        "mae": 126923.13839882404,
        "r2": 0.7694468371508876
      }
    },
    {
      "model": {
        "modelType": "ridge",
        "lambda": 0.001,
        "transform": "log1p"
      },
      "metrics": {
        "rmse": 268337.03988004226,
        "mae": 126924.5160054134,
        "r2": 0.7694464736735303
      }
    },
    {
      "model": {
        "modelType": "ridge",
        "lambda": 0.01,
        "transform": "log1p"
      },
      "metrics": {
        "rmse": 268339.3670283557,
        "mae": 126938.26247829082,
        "r2": 0.7694424747132919
      }
    },
    {
      "model": {
        "modelType": "ridge",
        "lambda": 0.1,
        "transform": "log1p"
      },
      "metrics": {
        "rmse": 268382.62274245487,
        "mae": 127072.79567101537,
        "r2": 0.7693681379932283
      }
    },
    {
      "model": {
        "modelType": "ridge",
        "lambda": 1,
        "transform": "log1p"
      },
      "metrics": {
        "rmse": 269996.5419281216,
        "mae": 128193.02194157019,
        "r2": 0.7665859879467435
      }
    },
    {
      "model": {
        "modelType": "ridge",
        "lambda": 10,
        "transform": "log1p"
      },
      "metrics": {
        "rmse": 286875.3123175087,
        "mae": 131475.00764836784,
        "r2": 0.7364901393574778
      }
    },
    {
      "model": {
        "modelType": "ridge",
        "lambda": 10,
        "transform": "none"
      },
      "metrics": {
        "rmse": 298961.46591102704,
        "mae": 164852.0755448698,
        "r2": 0.7138189000199012
      }
    },
    {
      "model": {
        "modelType": "ridge",
        "lambda": 1,
        "transform": "none"
      },
      "metrics": {
        "rmse": 306260.26621296024,
        "mae": 170189.1763687324,
        "r2": 0.6996747610277372
      }
    },
    {
      "model": {
        "modelType": "ridge",
        "lambda": 0.1,
        "transform": "none"
      },
      "metrics": {
        "rmse": 308955.31699012086,
        "mae": 171990.3466833856,
        "r2": 0.6943658579157168
      }
    },
    {
      "model": {
        "modelType": "ridge",
        "lambda": 0.01,
        "transform": "none"
      },
      "metrics": {
        "rmse": 309293.10315861896,
        "mae": 172211.6121727728,
        "r2": 0.6936971824366626
      }
    },
    {
      "model": {
        "modelType": "ridge",
        "lambda": 0.001,
        "transform": "none"
      },
      "metrics": {
        "rmse": 309327.7518185848,
        "mae": 172234.14060971665,
        "r2": 0.6936285512481535
      }
    },
    {
      "model": {
        "modelType": "ridge",
        "lambda": 0.0001,
        "transform": "none"
      },
      "metrics": {
        "rmse": 309331.22561399796,
        "mae": 172236.39755743297,
        "r2": 0.6936216700181113
      }
    }
  ],
  "predictionForGame27": 27.55977338597027
}