{
  "selectedModel": {
    "version": 1,
    "modelType": "ridge",
    "features": [
      "boardSize",
      "firstIterationGuaranteedRequiredCellCountMax",
      "firstIterationUnusableCellCountVsGoalAllSum",
      "firstIterationActionableCellAllCountStd",
      "cellCountLargerThanTargetAllSum",
      "deductionIterations",
      "percentUnresolvedCellsAfterDeduction",
      "percentUnresolvedCellsAfterDeductionI2",
      "breaksMinutes",
      "gameDateAsPercent",
      "percentUnresolvedCellsAfterDeductionI4",
      "percentUnresolvedCellsAfterDeductionI5",
      "goalSumAllMean",
      "goalVsTotalAllStd",
      "goalSumAllMax",
      "firstIterationActionableCellAllCountMin",
      "firstIterationRequiredCellCountVsGoalAllMax",
      "firstIterationUnusableCellCountVsGoalAllMean",
      "firstIterationGuaranteedRequiredCellCountStd",
      "firstIterationFalsePositiveSolutionCountAllMax"
    ],
    "lambda": 10,
    "transform": "log1p",
    "featureMeans": [
      0.4753787878787879,
      0.43481441398108095,
      6.002786943256543,
      0.2680245401536229,
      0.5956382609160393,
      2.1085858585858586,
      0.02672851197156752,
      0.09521898803479492,
      2.1302264649971936,
      0.6090933633662287,
      0.008199276717795237,
      0.0015587978550941515,
      2.039388141222632,
      0.18634386930543193,
      4.063361792528458,
      0.007491582491582492,
      0.3784014613984399,
      0.30609350180898476,
      0.12387692044565468,
      0.07717309816919192
    ],
    "featureStds": [
      0.3466012583319899,
      0.2815480672143069,
      5.019803697801372,
      0.0841748704210872,
      0.42977879879591824,
      1.017933646803644,
      0.15143162531832083,
      0.21522510015641377,
      11.298569891722961,
      0.2694356688004623,
      0.07146744609861445,
      0.02917623228135454,
      0.44147835678795255,
      0.03845655557841689,
      0.8153315696470061,
      0.04037553357434013,
      0.3318178486882636,
      0.26268443636547667,
      0.08285273947948571,
      0.024275160591133674
    ],
    "weights": [
      12.084371458290574,
      0.7036787555030761,
      0.06002100728927381,
      0.08603694887046646,
      -0.18513188496719518,
      -0.07164371207883331,
      0.12159102240920298,
      0.12461669678099262,
      0.06093708802376065,
      0.05394276040146064,
      -0.10633537144120853,
      -0.05307194614705442,
      0.047907745025060934,
      0.12137823916904446,
      -0.02314348900509071,
      -0.02834278684545206,
      0.0024452721894228117,
      0.026812359432774685,
      -0.09632303923776943,
      -0.03666004569434794,
      0.010377106862932806
    ],
    "perSizeMeans": {},
    "globalMean": 347003.6111111111
  },
  "metrics": {
    "rmse": 199932.94317092,
    "mae": 90181.06986585588,
    "r2": 0.8365571834257545
  },
  "perSizeRmse": {
    "0": 15660.25664288105,
    "1": 428968.88563667587,
    "0.5": 64502.45923146533,
    "0.75": 171886.3071189257,
    "0.25": 32062.008540044382
  },
  "perSizeMae": {
    "0": 12017.37829389804,
    "1": 303332.6308716426,
    "0.5": 48140.058813920456,
    "0.75": 98166.60605992531,
    "0.25": 22282.980623096217
  },
  "baseline": {
    "model": {
      "version": 1,
      "modelType": "baseline",
      "features": [
        "boardSize",
        "firstIterationGuaranteedRequiredCellCountMax",
        "firstIterationUnusableCellCountVsGoalAllSum",
        "firstIterationActionableCellAllCountStd",
        "cellCountLargerThanTargetAllSum",
        "deductionIterations",
        "percentUnresolvedCellsAfterDeduction",
        "percentUnresolvedCellsAfterDeductionI2",
        "breaksMinutes",
        "gameDateAsPercent",
        "percentUnresolvedCellsAfterDeductionI4",
        "percentUnresolvedCellsAfterDeductionI5",
        "goalSumAllMean",
        "goalVsTotalAllStd",
        "goalSumAllMax",
        "firstIterationActionableCellAllCountMin",
        "firstIterationRequiredCellCountVsGoalAllMax",
        "firstIterationUnusableCellCountVsGoalAllMean",
        "firstIterationGuaranteedRequiredCellCountStd",
        "firstIterationFalsePositiveSolutionCountAllMax"
      ],
      "perSizeMeans": {
        "0": 45943.443037974685,
        "1": 1102082.9589041097,
        "0.5": 210720,
        "0.75": 400533.06153846154,
        "0.25": 97440.79347826086
      },
      "globalMean": 347003.6111111111
    },
    "metrics": {
      "rmse": 323893.19267451315,
      "mae": 147273.05183677175,
      "r2": 0.5710558390563132
    },
    "perSizeRmse": {
      "0": 18768.021131140067,
      "1": 686837.5876196921,
      "0.5": 86664.95042117925,
      "0.75": 310700.69191382,
      "0.25": 40325.68909401221
    },
    "perSizeMae": {
      "0": 13369.506756077963,
      "1": 510517.58610281575,
      "0.5": 66166.59721091835,
      "0.75": 180247.1751479289,
      "0.25": 27430.362675659566
    }
  },
  "ridgeCandidates": [
    {
      "model": {
        "modelType": "ridge",
        "lambda": 10,
        "transform": "log1p"
      },
      "metrics": {
        "rmse": 199932.94317092,
        "mae": 90181.06986585588,
        "r2": 0.8365571834257545
      }
    },
    {
      "model": {
        "modelType": "ridge",
        "lambda": 1,
        "transform": "log1p"
      },
      "metrics": {
        "rmse": 203978.97953801477,
        "mae": 90406.05944487079,
        "r2": 0.8298750741384268
      }
    },
    {
      "model": {
        "modelType": "ridge",
        "lambda": 0.1,
        "transform": "log1p"
      },
      "metrics": {
        "rmse": 204991.3715977766,
        "mae": 90847.73286242082,
        "r2": 0.8281821493112049
      }
    },
    {
      "model": {
        "modelType": "ridge",
        "lambda": 0.01,
        "transform": "log1p"
      },
      "metrics": {
        "rmse": 205110.31377758094,
        "mae": 90898.80329241024,
        "r2": 0.8279827036619966
      }
    },
    {
      "model": {
        "modelType": "ridge",
        "lambda": 0.001,
        "transform": "log1p"
      },
      "metrics": {
        "rmse": 205122.42922696267,
        "mae": 90904.01578916037,
        "r2": 0.8279623816376285
      }
    },
    {
      "model": {
        "modelType": "ridge",
        "lambda": 0.0001,
        "transform": "log1p"
      },
      "metrics": {
        "rmse": 205123.64304136275,
        "mae": 90904.53792335874,
        "r2": 0.827960345562323
      }
    },
    {
      "model": {
        "modelType": "ridge",
        "lambda": 0.00001,
        "transform": "log1p"
      },
      "metrics": {
        "rmse": 205123.76444555676,
        "mae": 90904.59014564664,
        "r2": 0.8279601419159617
      }
    },
    {
      "model": {
        "modelType": "ridge",
        "lambda": 100,
        "transform": "log1p"
      },
      "metrics": {
        "rmse": 219570.9436918767,
        "mae": 103547.70771871897,
        "r2": 0.8028726624477596
      }
    }
  ],
  "predictionForGame27": 15.12212591994149
}