{
  "selectedModel": {
    "version": 1,
    "modelType": "ridge",
    "features": [
      "boardSize",
      "firstIterationFalsePositiveSolutionCountAllMin",
      "firstIterationGuaranteedRequiredCellCountMax",
      "firstIterationGuaranteedRequiredCellCountStd",
      "firstIterationGuaranteedRequiredCellCountSum",
      "firstIterationGuaranteedUnusableCellCountAllMax",
      "firstIterationGuaranteedUnusableCellCountAllStd",
      "firstIterationGuaranteedUnusableCellCountAllSum",
      "firstIterationActionableCellAllCountMax",
      "firstIterationActionableCellAllCountStd",
      "firstIterationActionableCellAllCountSum",
      "requiredSumAllMean",
      "requiredSumAllStd",
      "cellCountLargerThanTargetAllSum",
      "deductionIterations",
      "percentUnresolvedCellsAfterDeduction",
      "percentUnresolvedCellsAfterDeductionI1",
      "percentUnresolvedCellsAfterDeductionI2",
      "autoCompleteWasAvailable",
      "gameDateAsPercent"
    ],
    "lambda": 10,
    "transform": "log1p",
    "featureMeans": [
      0.47718631178707227,
      0.0020199619771863117,
      0.43277506186251424,
      0.12363031341521635,
      0.5288123403142416,
      0.7166621401412283,
      0.21792858912211388,
      1.1507182087029992,
      0.8792473897036633,
      0.2719077173561219,
      1.6795305490172412,
      2.040467601454045,
      0.9887298454071648,
      0.5905461001468606,
      2.1140684410646386,
      0.03010579495845655,
      0.29143698741290636,
      0.10122773320706967,
      0.5361216730038023,
      0.6050950401272401
    ],
    "featureStds": [
      0.35214237242771745,
      0.004020958676540919,
      0.28261667327814083,
      0.08329145444003944,
      0.46317355876503574,
      0.17954573055935494,
      0.07176068492617833,
      0.6263202908302242,
      0.2064659560339286,
      0.08669781493464473,
      0.8959722734551085,
      0.44570813960207106,
      0.23310016862876953,
      0.4359532115834074,
      1.0511227869219402,
      0.1602388879425545,
      0.2972065247877351,
      0.22381777508246498,
      0.4986935178437833,
      0.2808198574654002
    ],
    "weights": [
      12.146915577757648,
      0.6228471833378177,
      0.018596915141132375,
      0.004509109394584264,
      -0.04321341967460548,
      -0.03397107329386011,
      0.006186887329355504,
      -0.11617943847153002,
      -0.05588136905887492,
      0.023041760686145843,
      -0.11284290941663389,
      -0.05662467437513065,
      0.15036120740381712,
      -0.021788724111744623,
      0.02964159346790219,
      0.08247937169272769,
      0.08234875094497368,
      0.01581680932245993,
      0.0891615320016557,
      -0.010899585741839107,
      -0.08879932881534902
    ],
    "perSizeMeans": {},
    "globalMean": 378586.3574144487
  },
  "metrics": {
    "rmse": 244407.22810174854,
    "mae": 105990.12410113684,
    "r2": 0.8011874394517334
  },
  "perSizeRmse": {
    "0": 16269.895292234223,
    "1": 516378.07097058016,
    "0.5": 69460.85703679951,
    "0.75": 178683.41119134641,
    "0.25": 34947.7968377313
  },
  "perSizeMae": {
    "0": 12212.997709935249,
    "1": 350508.2982912124,
    "0.5": 53883.99116712359,
    "0.75": 107249.21753400941,
    "0.25": 24263.164318060888
  },
  "baseline": {
    "model": {
      "version": 1,
      "modelType": "baseline",
      "features": [
        "boardSize",
        "firstIterationFalsePositiveSolutionCountAllMin",
        "firstIterationGuaranteedRequiredCellCountMax",
        "firstIterationGuaranteedRequiredCellCountStd",
        "firstIterationGuaranteedRequiredCellCountSum",
        "firstIterationGuaranteedUnusableCellCountAllMax",
        "firstIterationGuaranteedUnusableCellCountAllStd",
        "firstIterationGuaranteedUnusableCellCountAllSum",
        "firstIterationActionableCellAllCountMax",
        "firstIterationActionableCellAllCountStd",
        "firstIterationActionableCellAllCountSum",
        "requiredSumAllMean",
        "requiredSumAllStd",
        "cellCountLargerThanTargetAllSum",
        "deductionIterations",
        "percentUnresolvedCellsAfterDeduction",
        "percentUnresolvedCellsAfterDeductionI1",
        "percentUnresolvedCellsAfterDeductionI2",
        "autoCompleteWasAvailable",
        "gameDateAsPercent"
      ],
      "perSizeMeans": {
        "0": 50245.64150943396,
        "1": 1145557.5094339622,
        "0.5": 225866.45614035087,
        "0.75": 451031.94736842107,
        "0.25": 99629.7258064516
      },
      "globalMean": 378586.3574144487
    },
    "metrics": {
      "rmse": 375492.4831277755,
      "mae": 176356.71202159827,
      "r2": 0.5307349365949249
    },
    "perSizeRmse": {
      "0": 20927.53494322526,
      "1": 764009.9812277658,
      "0.5": 88025.91478941246,
      "0.75": 382017.13225001213,
      "0.25": 46558.21514906033
    },
    "perSizeMae": {
      "0": 15488.797467560962,
      "1": 583440.2464531228,
      "0.5": 68321.07830324605,
      "0.75": 231355.45704584045,
      "0.25": 31496.243594470037
    }
  },
  "ridgeCandidates": [
    {
      "model": {
        "modelType": "ridge",
        "lambda": 10,
        "transform": "log1p"
      },
      "metrics": {
        "rmse": 244407.22810174854,
        "mae": 105990.12410113684,
        "r2": 0.8011874394517334
      }
    },
    {
      "model": {
        "modelType": "ridge",
        "lambda": 10,
        "transform": "none"
      },
      "metrics": {
        "rmse": 250696.92945619996,
        "mae": 125750.61000600521,
        "r2": 0.7908230833616016
      }
    },
    {
      "model": {
        "modelType": "ridge",
        "lambda": 1,
        "transform": "log1p"
      },
      "metrics": {
        "rmse": 251098.57830117666,
        "mae": 107581.03035973878,
        "r2": 0.7901522895938575
      }
    },
    {
      "model": {
        "modelType": "ridge",
        "lambda": 0.1,
        "transform": "log1p"
      },
      "metrics": {
        "rmse": 252313.16320622442,
        "mae": 108051.69141526047,
        "r2": 0.7881172777196042
      }
    },
    {
      "model": {
        "modelType": "ridge",
        "lambda": 0.01,
        "transform": "log1p"
      },
      "metrics": {
        "rmse": 252444.76986784415,
        "mae": 108102.80360367069,
        "r2": 0.7878961838231103
      }
    },
    {
      "model": {
        "modelType": "ridge",
        "lambda": 0.001,
        "transform": "log1p"
      },
      "metrics": {
        "rmse": 252458.04503733927,
        "mae": 108109.63700407882,
        "r2": 0.7878738756711454
      }
    },
    {
      "model": {
        "modelType": "ridge",
        "lambda": 0.0001,
        "transform": "log1p"
      },
      "metrics": {
        "rmse": 252459.3737163622,
        "mae": 108110.32053599856,
        "r2": 0.7878716428385711
      }
    },
    {
      "model": {
        "modelType": "ridge",
        "lambda": 1,
        "transform": "none"
      },
      "metrics": {
        "rmse": 253845.94056091443,
        "mae": 130471.52580837555,
        "r2": 0.7855351254116145
      }
    },
    {
      "model": {
        "modelType": "ridge",
        "lambda": 0.1,
        "transform": "none"
      },
      "metrics": {
        "rmse": 254607.05159188661,
        "mae": 131482.4624447597,
        "r2": 0.7842471293018772
      }
    },
    {
      "model": {
        "modelType": "ridge",
        "lambda": 0.01,
        "transform": "none"
      },
      "metrics": {
        "rmse": 254694.97120122617,
        "mae": 131586.7806745092,
        "r2": 0.7840980982117297
      }
    },
    {
      "model": {
        "modelType": "ridge",
        "lambda": 0.001,
        "transform": "none"
      },
      "metrics": {
        "rmse": 254703.9181056605,
        "mae": 131597.26062604957,
        "r2": 0.7840829295760801
      }
    },
    {
      "model": {
        "modelType": "ridge",
        "lambda": 0.0001,
        "transform": "none"
      },
      "metrics": {
        "rmse": 254704.81439115776,