{
  "selectedModel": {
    "version": 1,
    "modelType": "ridge",
    "features": [
      "boardSize",
      "firstIterationFalsePositiveSolutionCountAllMin",
      "firstIterationGuaranteedRequiredCellCountMax",
      "firstIterationGuaranteedRequiredCellCountStd",
      "firstIterationGuaranteedUnusableCellCountAllMax",
      "firstIterationGuaranteedUnusableCellCountAllStd",
      "firstIterationActionableCellCountGrpMax",
      "firstIterationActionableCellCountGrpStd",
      "firstIterationActionableCellAllCountMax",
      "firstIterationActionableCellAllCountStd",
      "percentUnresolvedCellsAfterDeduction"
    ],
    "lambda": 0.0001,
    "transform": "log1p",
    "featureMeans": [
      7.068376068376068,
      0.5982905982905983,
      2.717948717948718,
      0.7522940912193308,
      4.923076923076923,
      1.4665969123320346,
      4.615384615384615,
      1.6311992091971346,
      5.965811965811966,
      1.7910706735346786,
      0.037917458056346935
    ],
    "featureStds": [
      1.4004058979757983,
      1.109861229947541,
      1.8250215024896665,
      0.49528844511465103,
      1.5086862239339123,
      0.47551679362274857,
      2.0416440243481437,
      0.7455490053065131,
      1.5017461285878548,
      0.48268458613468845,
      0.1796115641395199
    ],
    "weights": [
      12.348122182116828,
      0.8789091387040109,
      0.1551081253125294,
      -0.17130022078240553,
      0.21827512300451635,
      0.09504539255775751,
      -0.1577117985500197,
      -0.0817136319980319,
      0.04634585995692299,
      0.14274692832326336,
      -0.2293663171971586,
      0.050237718528072184
    ],
    "perSizeMeans": {},
    "globalMean": 439256.3247863248
  },
  "metrics": {
    "rmse": 287320.4062946529,
    "mae": 135233.35389815105,
    "r2": 0.7567886870787529
  },
  "perSizeRmse": {
    "5": 22269.38214056717,
    "6": 25561.772096737168,
    "7": 69971.40102167519,
    "8": 234633.2899007325,
    "9": 566838.0899406442
  },
  "baseline": {
    "model": {
      "version": 1,
      "modelType": "baseline",
      "features": [
        "boardSize",
        "firstIterationFalsePositiveSolutionCountAllMin",
        "firstIterationGuaranteedRequiredCellCountMax",
        "firstIterationGuaranteedRequiredCellCountStd",
        "firstIterationGuaranteedUnusableCellCountAllMax",
        "firstIterationGuaranteedUnusableCellCountAllStd",
        "firstIterationActionableCellCountGrpMax",
        "firstIterationActionableCellCountGrpStd",
        "firstIterationActionableCellAllCountMax",
        "firstIterationActionableCellAllCountStd",
        "percentUnresolvedCellsAfterDeduction"
      ],
      "perSizeMeans": {
        "5": 56898.5,
        "6": 100461.88,
        "7": 246509.52,
        "8": 546621.0952380953,
        "9": 1157757.3846153845
      },
      "globalMean": 439256.3247863248
    },
    "metrics": {
      "rmse": 434904.7221987042,
      "mae": 214899.91353695325,
      "r2": 0.44276411694161766
    },
    "perSizeRmse": {
      "5": 24527.709363021957,
      "6": 29930.877643597418,
      "7": 101470.43824504259,
      "8": 473706.1062883747,
      "9": 811585.4830680557
    }
  },
  "ridgeCandidates": [
    {
      "model": {
        "modelType": "ridge",
        "lambda": 0.0001,
        "transform": "log1p"
      },
      "metrics": {
        "rmse": 287320.4062946529,
        "mae": 135233.35389815105,
        "r2": 0.7567886870787529
      }
    },
    {
      "model": {
        "modelType": "ridge",
        "lambda": 0.001,
        "transform": "log1p"
      },
      "metrics": {
        "rmse": 287323.9925437834,
        "mae": 135233.05471480222,
        "r2": 0.7567826156561617
      }
    },
    {
      "model": {
        "modelType": "ridge",
        "lambda": 0.01,
        "transform": "log1p"
      },
      "metrics": {
        "rmse": 287359.8863951915,
        "mae": 135230.02905836317,
        "r2": 0.7567218441635141
      }
    },
    {
      "model": {
        "modelType": "ridge",
        "lambda": 0.1,
        "transform": "log1p"
      },
      "metrics": {
        "rmse": 287720.2659079433,
        "mae": 135202.7893022825,
        "r2": 0.756111268765481
      }
    },
    {
      "model": {
        "modelType": "ridge",
        "lambda": 1,
        "transform": "log1p"
      },
      "metrics": {
        "rmse": 290746.41970458574,
        "mae": 135583.40933817532,
        "r2": 0.7509539951025868
      }
    },
    {
      "model": {
        "modelType": "ridge",
        "lambda": 10,
        "transform": "log1p"
      },
      "metrics": {
        "rmse": 291398.4662556736,
        "mae": 135707.4719102831,
        "r2": 0.7498356894576255
      }
    },
    {
      "model": {
        "modelType": "ridge",
        "lambda": 10,
        "transform": "none"
      },
      "metrics": {
        "rmse": 361031.05767955136,
        "mae": 192690.61757209143,
        "r2": 0.6159922796945021
      }
    },
    {
      "model": {
        "modelType": "ridge",
        "lambda": 1,
        "transform": "none"
      },
      "metrics": {
        "rmse": 373155.01215987577,
        "mae": 197524.31258566756,
        "r2": 0.589768139036821
      }
    },
    {
      "model": {
        "modelType": "ridge",
        "lambda": 0.1,
        "transform": "none"
      },
      "metrics": {
        "rmse": 376655.6135823832,
        "mae": 199314.94160845713,
        "r2": 0.5820351911406558
      }
    },
    {
      "model": {
        "modelType": "ridge",
        "lambda": 0.01,
        "transform": "none"
      },
      "metrics": {
        "rmse": 377146.2308711794,
        "mae": 199522.75724655224,
        "r2": 0.5809456318397299
      }
    },
    {
      "model": {
        "modelType": "ridge",
        "lambda": 0.001,
        "transform": "none"
      },
      "metrics": {
        "rmse": 377197.48562481935,
        "mae": 199543.8384513533,
        "r2": 0.5808317238320335
      }
    },
    {
      "model": {
        "modelType": "ridge",
        "lambda": 0.0001,
        "transform": "none"
      },
      "metrics": {
        "rmse": 377202.6342604587,
        "mae": 199545.94958889752,
        "r2": 0.580820280704564
      }
    }
  ],
  "predictionForGame27": 33.59686944816927
}