{
  "selectedModel": {
    "version": 1,
    "modelType": "ridge",
    "features": [
      "boardSize",
      "firstIterationFalsePositiveSolutionCountAllMin",
      "firstIterationGuaranteedRequiredCellCountMax",
      "firstIterationGuaranteedRequiredCellCountStd",
      "firstIterationGuaranteedRequiredCellCountSum",
      "firstIterationGuaranteedUnusableCellCountAllMax",
      "firstIterationGuaranteedUnusableCellCountAllStd",
      "firstIterationGuaranteedUnusableCellCountAllSum",
      "firstIterationRequiredCellCountVsGoalAllMean",
      "firstIterationRequiredCellCountVsGoalAllStd",
      "firstIterationUnusableCellCountVsGoalAllMean",
      "firstIterationUnusableCellCountVsGoalAllStd",
      "firstIterationUnusableCellCountVsGoalAllSum",
      "firstIterationActionableCellAllCountMax",
      "firstIterationActionableCellAllCountStd",
      "firstIterationActionableCellAllCountSum",
      "goalSumAllMean",
      "goalSumAllStd",
      "cellCountLargerThanTargetAllSum",
      "deductionIterations",
      "percentUnresolvedCellsAfterDeduction",
      "percentUnresolvedCellsAfterDeductionI1",
      "percentUnresolvedCellsAfterDeductionI2",
      "autoCompleteWasAvailable",
      "gameDateAsPercent",
      "breaksMinutes"
    ],
    "lambda": 10,
    "transform": "log1p",
    "featureMeans": [
      0.4767267267267267,
      0.002146677927927928,
      0.4337849754516421,
      0.12354666458562427,
      0.5189618189618194,
      0.7136302969636316,
      0.21817016167156805,
      1.1435344074232956,
      0.056173250331042944,
      0.09727624308021489,
      0.30001034161023177,
      0.6050105617067162,
      5.942741019518102,
      0.8776216692883358,
      0.2705309678197939,
      1.6624962263851155,
      2.042170647121045,
      0.9919833668026701,
      0.5947129669351895,
      2.12012012012012,
      0.02919006969932895,
      0.2877421355595959,
      0.0992211386556625,
      0.6336336336336337,
      0.6187218438101926,
      2.0963607341667063
    ],
    "featureStds": [
      0.34715545985870105,
      0.004089254581055474,
      0.28419262616378654,
      0.08325102326252837,
      0.454010863116087,
      0.17769912571725,
      0.07097965946248172,
      0.609695003568572,
      0.05503186361933045,
      0.0831253336962694,
      0.2463074282685948,
      0.46390985176526317,
      4.942667968049088,
      0.2018924981569173,
      0.08536281952061918,
      0.8724284709223155,
      0.4452949936769782,
      0.23317921119800208,
      0.4227901397672034,
      1.0240284272447655,
      0.1581919519452623,
      0.2914365594001612,
      0.22207335652109023,
      0.48181122025319223,
      0.27556401322722907,
      10.997072757240758
    ],
    "weights": [
      12.107662682405415,
      0.6244610661554995,
      0.013229569034353229,
      0.023647217178149278,
      -0.050798004970105365,
      0.0008234671800013975,
      -0.007232855039536643,
      -0.10462046567623251,
      -0.04611213732509938,
      -0.038398521180870004,
      0.026394660288509866,
      -0.08352234356218993,
      0.01427570746190683,
      0.08142207290568244,
      0.0021432546458759983,
      -0.08567756407419298,
      -0.031796849381288725,
      0.12393735349284703,
      -0.027436133626129722,
      0.006952332142945996,
      0.0824250318393361,
      0.08056684446749494,
      0.025699174972783644,
      0.07969090598973042,
      -0.008726057696996935,
      -0.10207673646868085,
      0.044187811745237546
    ],
    "perSizeMeans": {},
    "globalMean": 355722.8588588589
  },
  "metrics": {
    "rmse": 220037.9930624899,
    "mae": 100956.30849986411,
    "r2": 0.8145307518021887
  },
  "perSizeRmse": {
    "0": 14873.992786495195,
    "1": 468276.3159643024,
    "0.5": 64377.11448914727,
    "0.75": 190305.80703810792,
    "0.25": 30764.155177031782
  },
  "perSizeMae": {
    "0": 12140.120490539844,
    "1": 344189.4589828541,
    "0.5": 50219.04685457982,
    "0.75": 108684.23047702962,
    "0.25": 22117.142422969686
  },
  "baseline": {
    "model": {
      "version": 1,
      "modelType": "baseline",
      "features": [
        "boardSize",
        "firstIterationFalsePositiveSolutionCountAllMin",
        "firstIterationGuaranteedRequiredCellCountMax",
        "firstIterationGuaranteedRequiredCellCountStd",
        "firstIterationGuaranteedRequiredCellCountSum",
        "firstIterationGuaranteedUnusableCellCountAllMax",
        "firstIterationGuaranteedUnusableCellCountAllStd",
        "firstIterationGuaranteedUnusableCellCountAllSum",
        "firstIterationRequiredCellCountVsGoalAllMean",
        "firstIterationRequiredCellCountVsGoalAllStd",
        "firstIterationUnusableCellCountVsGoalAllMean",
        "firstIterationUnusableCellCountVsGoalAllStd",
        "firstIterationUnusableCellCountVsGoalAllSum",
        "firstIterationActionableCellAllCountMax",
        "firstIterationActionableCellAllCountStd",
        "firstIterationActionableCellAllCountSum",
        "goalSumAllMean",
        "goalSumAllStd",
        "cellCountLargerThanTargetAllSum",
        "deductionIterations",
        "percentUnresolvedCellsAfterDeduction",
        "percentUnresolvedCellsAfterDeductionI1",
        "percentUnresolvedCellsAfterDeductionI2",
        "autoCompleteWasAvailable",
        "gameDateAsPercent",
        "breaksMinutes"
      ],
      "perSizeMeans": {
        "0": 48585.4,
        "1": 1113050.1904761905,
        "0.5": 214400.51388888888,
        "0.75": 413409.75471698114,
        "0.25": 97849.3125
      },
      "globalMean": 355722.8588588589
    },
    "metrics": {
      "rmse": 345585.12020097964,
      "mae": 157039.49776578735,
      "r2": 0.542504706106125
    },
    "perSizeRmse": {
      "0": 19487.482896819845,
      "1": 723519.680283636,
      "0.5": 86016.06401795777,
      "0.75": 339227.2950220939,
      "0.25": 40959.94772840383
    },
    "perSizeMae": {
      "0": 14089.063905325442,
      "1": 534316.248714597,
      "0.5": 65626.84521408884,
      "0.75": 203251.88236277385,
      "0.25": 27736.96640625
    }
  },
  "ridgeCandidates": [
    {
      "model": {
        "modelType": "ridge",
        "lambda": 10,
        "transform": "log1p"
      },
      "metrics": {
        "rmse": 220037.9930624899,
        "mae": 100956.30849986411,
        "r2": 0.8145307518021887
      }
    },
    {
      "model": {
        "modelType": "ridge",
        "lambda": 1,
        "transform": "log1p"
      },
      "metrics": {
        "rmse": 223678.63468252376,
        "mae": 100987.33456878178,
        "r2": 0.8083426108901826
      }
    },
    {
      "model": {
        "modelType": "ridge",
        "lambda": 0.1,
        "transform": "log1p"
      },
      "metrics": {
        "rmse": 224595.49649293843,
        "mae": 101103.22675491941,
        "r2": 0.806768178113374
      }
    },
    {
      "model": {
        "modelType": "ridge",
        "lambda": 0.01,
        "transform": "log1p"
      },
      "metrics": {
        "rmse": 224694.42625581162,
        "mae": 101127.19493553808,
        "r2": 0.8065979112219543
      }
    },
    {
      "model": {
        "modelType": "ridge",
        "lambda": 0.001,
        "transform": "log1p"
      },
      "metrics": {
        "rmse": 224704.3566352536,
        "mae": 101129.52665697159,
        "r2": 0.8065808160176098
      }
    },
    {
      "model": {
        "modelType": "ridge",
        "lambda": 0.0001,
        "transform": "log1p"
      },
      "metrics": {
        "rmse": 224705.34997247683,
        "mae": 101129.75910879209,
        "r2": 0.8065791059403983
      }
    },
    {
      "model": {
        "modelType": "ridge",
        "lambda": 10,
        "transform": "none"
      },
      "metrics": {
        "rmse": 240013.54486342252,
        "mae": 115444.05272016549,
        "r2": 0.7793275769198145
      }
    },
    {
      "model": {
        "modelType": "ridge",
        "lambda": 1,
        "transform": "none"
      },