{
  "selectedModel": {
    "version": 1,
    "modelType": "ridge",
    "features": [
      "boardSize",
      "firstIterationFalsePositiveSolutionCountAllMin",
      "firstIterationGuaranteedRequiredCellCountMax",
      "firstIterationGuaranteedRequiredCellCountStd",
      "firstIterationGuaranteedUnusableCellCountAllMax",
      "firstIterationGuaranteedUnusableCellCountAllStd",
      "firstIterationActionableCellCountMax",
      "firstIterationActionableCellCountStd",
      "percentUnresolvedCellsAfterDeduction"
    ],
    "lambda": 10,
    "transform": "log1p",
    "featureMeans": [
      7.070796460176991,
      0.6106194690265486,
      2.7079646017699117,
      0.751506744792897,
      4.902654867256637,
      1.462265346249955,
      5.946902654867257,
      1.7858059946517073,
      0.039259668960996384
    ],
    "featureStds": [
      1.4124403920967454,
      1.12441629552344,
      1.8418988659465767,
      0.5017208989019151,
      1.5282855323839222,
      0.4815786417778617,
      1.5159372109992122,
      0.4884362894087623,
      0.18261866616965358
    ],
    "weights": [
      12.348256784754254,
      0.6890793863206219,
      0.27088042971471116,
      0.01636457751021264,
      -0.04345792796368813,
      0.12095663477933828,
      -0.20639165176312696,
      0.1650586782734856,
      -0.15382241392336407,
      0.04233833357816766
    ],
    "perSizeMeans": {},
    "globalMean": 440251.2300884956
  },
  "metrics": {
    "rmse": 262748.95828143955,
    "mae": 128401.40566532612,
    "r2": 0.7999129320648987
  },
  "perSizeRmse": {
    "5": 23407.70557084664,
    "6": 26560.25401259194,
    "7": 74873.35764494445,
    "8": 263284.90497391956,
    "9": 492903.0421268352
  },
  "baseline": {
    "model": {
      "version": 1,
      "modelType": "baseline",
      "features": [
        "boardSize",
        "firstIterationFalsePositiveSolutionCountAllMin",
        "firstIterationGuaranteedRequiredCellCountMax",
        "firstIterationGuaranteedRequiredCellCountStd",
        "firstIterationGuaranteedUnusableCellCountAllMax",
        "firstIterationGuaranteedUnusableCellCountAllStd",
        "firstIterationActionableCellCountMax",
        "firstIterationActionableCellCountStd",
        "percentUnresolvedCellsAfterDeduction"
      ],
      "perSizeMeans": {
        "5": 56898.5,
        "6": 101824.73913043478,
        "7": 246509.52,
        "8": 526527.3684210526,
        "9": 1157757.3846153845
      },
      "globalMean": 440251.2300884956
    },
    "metrics": {
      "rmse": 419336.36140900577,
      "mae": 203451.580795647,
      "r2": 0.490361698782525
    },
    "perSizeRmse": {
      "5": 24527.709363021957,
      "6": 31097.08765445097,
      "7": 100396.58623470721,
      "8": 482702.4410707662,
      "9": 763518.303864979
    }
  },
  "ridgeCandidates": [
    {
      "model": {
        "modelType": "ridge",
        "lambda": 10,
        "transform": "log1p"
      },
      "metrics": {
        "rmse": 262748.95828143955,
        "mae": 128401.40566532612,
        "r2": 0.7999129320648987
      }
    },
    {
      "model": {
        "modelType": "ridge",
        "lambda": 1,
        "transform": "log1p"
      },
      "metrics": {
        "rmse": 267686.63390335225,
        "mae": 130952.47398219294,
        "r2": 0.7923220502866679
      }
    },
    {
      "model": {
        "modelType": "ridge",
        "lambda": 0.1,
        "transform": "log1p"
      },
      "metrics": {
        "rmse": 270974.8880079787,
        "mae": 132069.76027836616,
        "r2": 0.7871884938708157
      }
    },
    {
      "model": {
        "modelType": "ridge",
        "lambda": 0.01,
        "transform": "log1p"
      },
      "metrics": {
        "rmse": 271473.64895258914,
        "mae": 132314.78355580842,
        "r2": 0.7864043640051946
      }
    },
    {
      "model": {
        "modelType": "ridge",
        "lambda": 0.001,
        "transform": "log1p"
      },
      "metrics": {
        "rmse": 271526.4376575055,
        "mae": 132340.1599815358,
        "r2": 0.7863212875569912
      }
    },
    {
      "model": {
        "modelType": "ridge",
        "lambda": 0.0001,
        "transform": "log1p"
      },
      "metrics": {
        "rmse": 271531.7477424418,
        "mae": 132342.7068510529,
        "r2": 0.7863129298941661
      }
    },
    {
      "model": {
        "modelType": "ridge",
        "lambda": 1,
        "transform": "none"
      },
      "metrics": {
        "rmse": 289694.86366757605,
        "mae": 161187.53780279763,
        "r2": 0.7567691795429758
      }
    },
    {
      "model": {
        "modelType": "ridge",
        "lambda": 0.1,
        "transform": "none"
      },
      "metrics": {
        "rmse": 289959.29471420194,
        "mae": 162090.63270724245,
        "r2": 0.7563249387720055
      }
    },
    {
      "model": {
        "modelType": "ridge",
        "lambda": 0.01,
        "transform": "none"
      },
      "metrics": {
        "rmse": 290015.6203225031,
        "mae": 162219.89065787848,
        "r2": 0.7562302601093065
      }
    },
    {
      "model": {
        "modelType": "ridge",
        "lambda": 0.001,
        "transform": "none"
      },
      "metrics": {
        "rmse": 290021.7235997782,
        "mae": 162233.60748371523,
        "r2": 0.7562199999035477
      }
    },
    {
      "model": {
        "modelType": "ridge",
        "lambda": 0.0001,
        "transform": "none"
      },
      "metrics": {
        "rmse": 290022.3388762807,
        "mae": 162234.98269085164,
        "r2": 0.7562189655516166
      }
    },
    {
      "model": {
        "modelType": "ridge",
        "lambda": 10,
        "transform": "none"
      },
      "metrics": {
        "rmse": 292085.5269807598,
        "mae": 161490.60993974708,
        "r2": 0.7527381636510913
      }
    }
  ],
  "predictionForGame27": 30.0236457044582
}