{
  "selectedModel": {
    "version": 1,
    "modelType": "ridge",
    "features": [
      "boardSize",
      "firstIterationFalsePositiveSolutionCountAllMin",
      "firstIterationGuaranteedRequiredCellCountMax",
      "firstIterationGuaranteedRequiredCellCountStd",
      "firstIterationGuaranteedRequiredCellCountSum",
      "firstIterationGuaranteedUnusableCellCountAllMax",
      "firstIterationGuaranteedUnusableCellCountAllStd",
      "firstIterationGuaranteedUnusableCellCountAllSum",
      "firstIterationActionableCellAllCountMax",
      "firstIterationActionableCellAllCountStd",
      "firstIterationActionableCellAllCountSum",
      "cellCountLargerThanTargetAllSum",
      "percentUnresolvedCellsAfterDeduction",
      "percentUnresolvedCellsAfterDeductionI1",
      "percentUnresolvedCellsAfterDeductionI2",
      "autoCompleteWasAvailable",
      "gameDateAsPercent"
    ],
    "lambda": 10,
    "transform": "log1p",
    "featureMeans": [
      0.4830917874396135,
      0.0020569142512077295,
      0.42577448048462546,
      0.12208017171818161,
      0.5284979423868315,
      0.7144544130051375,
      0.21876517171351814,
      1.1537944431664235,
      0.8752683843263552,
      0.27095663892608174,
      1.682292385553255,
      0.5892946604299264,
      0.029304213633923774,
      0.29341706878672025,
      0.10379233215025144,
      0.4106280193236715,
      0.5992570050708986
    ],
    "featureStds": [
      0.3548546770392238,
      0.00407348702782588,
      0.28450695481629584,
      0.0838504161562388,
      0.46497877451695613,
      0.1811986539719526,
      0.07257856625706183,
      0.6270329802891381,
      0.2109957466037793,
      0.08732384021597629,
      0.9021712751047287,
      0.42436040640703754,
      0.1569275763484893,
      0.29959777524431835,
      0.22310039174326185,
      0.49194781132757437,
      0.2920715625208849
    ],
    "weights": [
      12.194815301872579,
      0.5940004687494471,
      0.0222156408539458,
      -0.011677273671261082,
      -0.013643470710274082,
      0.006236586561915624,
      0.0010598396381924276,
      -0.1514790008452902,
      -0.10404377779062542,
      0.0629351222673436,
      -0.13450989646044945,
      -0.06909885230455597,
      -0.007351438860316398,
      0.050445251595044954,
      0.06811418430427979,
      0.0964156185961446,
      -0.010103125684535072,
      -0.06965632887136532
    ],
    "perSizeMeans": {},
    "globalMean": 386677.2995169082
  },
  "metrics": {
    "rmse": 229978.0532154018,
    "mae": 105767.28200917496,
    "r2": 0.8129499518303852
  },
  "perSizeRmse": {
    "0": 17885.23372250174,
    "1": 476781.17965975,
    "0.5": 70150.91123565295,
    "0.75": 182853.29398373014,
    "0.25": 38616.833054284434
  },
  "perSizeMae": {
    "0": 13542.715220623028,
    "1": 334249.2068064309,
    "0.5": 56145.82675728511,
    "0.75": 109056.79198525299,
    "0.25": 26749.63161574281
  },
  "baseline": {
    "model": {
      "version": 1,
      "modelType": "baseline",
      "features": [
        "boardSize",
        "firstIterationFalsePositiveSolutionCountAllMin",
        "firstIterationGuaranteedRequiredCellCountMax",
        "firstIterationGuaranteedRequiredCellCountStd",
        "firstIterationGuaranteedRequiredCellCountSum",
        "firstIterationGuaranteedUnusableCellCountAllMax",
        "firstIterationGuaranteedUnusableCellCountAllStd",
        "firstIterationGuaranteedUnusableCellCountAllSum",
        "firstIterationActionableCellAllCountMax",
        "firstIterationActionableCellAllCountStd",
        "firstIterationActionableCellAllCountSum",
        "cellCountLargerThanTargetAllSum",
        "percentUnresolvedCellsAfterDeduction",
        "percentUnresolvedCellsAfterDeductionI1",
        "percentUnresolvedCellsAfterDeductionI2",
        "autoCompleteWasAvailable",
        "gameDateAsPercent"
      ],
      "perSizeMeans": {
        "0": 51019.13953488372,
        "1": 1124973.5238095238,
        "0.5": 237554.25,
        "0.75": 465895.42424242425,
        "0.25": 106056.75555555556
      },
      "globalMean": 386677.2995169082
    },
    "metrics": {
      "rmse": 374312.35179601924,
      "mae": 182716.96828507507,
      "r2": 0.5044889375479196
    },
    "perSizeRmse": {
      "0": 22399.607058741312,
      "1": 735287.2430489276,
      "0.5": 90689.99050450804,
      "0.75": 419807.633404161,
      "0.25": 46235.68424042459
    },
    "perSizeMae": {
      "0": 16884.173539183117,
      "1": 569137.2073253543,
      "0.5": 72310.11904761905,
      "0.75": 263534.00082016736,
      "0.25": 29208.066666666662
    }
  },
  "ridgeCandidates": [
    {
      "model": {
        "modelType": "ridge",
        "lambda": 10,
        "transform": "log1p"
      },
      "metrics": {
        "rmse": 229978.0532154018,
        "mae": 105767.28200917496,
        "r2": 0.8129499518303852
      }
    },
    {
      "model": {
        "modelType": "ridge",
        "lambda": 1,
        "transform": "log1p"
      },
      "metrics": {
        "rmse": 233984.7981246218,
        "mae": 106845.39208858719,
        "r2": 0.8063754940567496
      }
    },
    {
      "model": {
        "modelType": "ridge",
        "lambda": 0.1,
        "transform": "log1p"
      },
      "metrics": {
        "rmse": 235275.0682959718,
        "mae": 107685.08848173308,
        "r2": 0.8042341862137243
      }
    },
    {
      "model": {
        "modelType": "ridge",
        "lambda": 0.01,
        "transform": "log1p"
      },
      "metrics": {
        "rmse": 235431.8987903831,
        "mae": 107780.95065794556,
        "r2": 0.8039731106792177
      }
    },
    {
      "model": {
        "modelType": "ridge",
        "lambda": 0.001,
        "transform": "log1p"
      },
      "metrics": {
        "rmse": 235447.94409357297,
        "mae": 107790.68967661572,
        "r2": 0.8039463902724311
      }
    },
    {
      "model": {
        "modelType": "ridge",
        "lambda": 0.0001,
        "transform": "log1p"
      },
      "metrics": {
        "rmse": 235449.55236782655,
        "mae": 107791.66453856954,
        "r2": 0.8039437118965298
      }
    },
    {
      "model": {
        "modelType": "ridge",
        "lambda": 10,
        "transform": "none"
      },
      "metrics": {
        "rmse": 245740.96165652253,
        "mae": 118900.83307004126,
        "r2": 0.78643005064199
      }
    },
    {
      "model": {
        "modelType": "ridge",
        "lambda": 1,
        "transform": "none"
      },
      "metrics": {
        "rmse": 248415.40318010317,
        "mae": 119288.72348622027,
        "r2": 0.7817561170473867
      }
    },
    {
      "model": {
        "modelType": "ridge",
        "lambda": 0.1,
        "transform": "none"
      },
      "metrics": {
        "rmse": 248962.33399730947,
        "mae": 119853.38950113596,
        "r2": 0.7807940534665646
      }
    },
    {
      "model": {
        "modelType": "ridge",
        "lambda": 0.01,
        "transform": "none"
      },
      "metrics": {
        "rmse": 249025.40635619723,
        "mae": 119927.67317453596,
        "r2": 0.7806829717038463
      }
    },
    {
      "model": {
        "modelType": "ridge",
        "lambda": 0.001,
        "transform": "none"
      },
      "metrics": {
        "rmse": 249031.8244316269,
        "mae": 119935.28231365545,
        "r2": 0.7806716667419148
      }
    },
    {
      "model": {
        "modelType": "ridge",
        "lambda": 0.0001,
        "transform": "none"
      },
      "metrics": {
        "rmse": 249032.46738721602,
        "mae": 119936.04510699002,
        "r2": 0.780670534207468
      }
    }
  ],
  "predictionForGame27": 27.998564815128063
}