{
  "selectedModel": {
    "version": 1,
    "modelType": "ridge",
    "features": [
      "boardSize",
      "firstIterationFalsePositiveSolutionCountAllMin",
      "firstIterationGuaranteedRequiredCellCountMax",
      "firstIterationGuaranteedRequiredCellCountStd",
      "firstIterationGuaranteedRequiredCellCountSum",
      "firstIterationGuaranteedUnusableCellCountAllMax",
      "firstIterationGuaranteedUnusableCellCountAllStd",
      "firstIterationGuaranteedUnusableCellCountAllSum",
      "firstIterationRequiredCellCountVsGoalAllMean",
      "firstIterationRequiredCellCountVsGoalAllMax",
      "firstIterationRequiredCellCountVsGoalAllStd",
      "firstIterationUnusableCellCountVsGoalAllMean",
      "firstIterationUnusableCellCountVsGoalAllMax",
      "firstIterationUnusableCellCountVsGoalAllStd",
      "firstIterationUnusableCellCountVsGoalAllSum",
      "firstIterationActionableCellAllCountMax",
      "firstIterationActionableCellAllCountStd",
      "firstIterationActionableCellAllCountSum",
      "goalSumAllMean",
      "goalSumAllStd",
      "cellCountLargerThanTargetAllSum",
      "deductionIterations",
      "percentUnresolvedCellsAfterDeduction",
      "percentUnresolvedCellsAfterDeductionI1",
      "percentUnresolvedCellsAfterDeductionI2",
      "autoCompleteWasAvailable",
      "gameDateAsPercent"
    ],
    "lambda": 10,
    "transform": "log1p",
    "featureMeans": [
      0.47318611987381703,
      0.0021810922712933753,
      0.4335211056031244,
      0.12383116345461852,
      0.5215846310483537,
      0.7105528015622664,
      0.21738693253676905,
      1.1462312019094347,
      0.05640335682539784,
      0.368316408959332,
      0.0966477479117036,
      0.29888313672766725,
      2.4051250671566886,
      0.595442916957759,
      5.886733744150209,
      0.8762267788293024,
      0.27006229973804874,
      1.667815832957789,
      2.0414977456399086,
      0.9902504178969577,
      0.5909873483217334,
      2.1167192429022084,
      0.03066338552011527,
      0.28935223832493623,
      0.10241356663590781,
      0.6151419558359621,
      0.6247221158784396
    ],
    "featureStds": [
      0.3491634076377554,
      0.004146370456567396,
      0.28268827806998065,
      0.08311837702925366,
      0.4539091496833649,
      0.17963239265729353,
      0.072039155263418,
      0.6186971891096221,
      0.05547999698386641,
      0.32139527581582983,
      0.08302793192158697,
      0.2486856874294577,
      1.910555743610993,
      0.45828656707792315,
      4.93822449803373,
      0.20399807171417625,
      0.08629296628495298,
      0.8820758721061974,
      0.4454145708253409,
      0.23186665447385627,
      0.42849804861148083,
      1.0366796487083718,
      0.16199565682435113,
      0.29476552809665896,
      0.2267547675395901,
      0.4865617432621161,
      0.2802875393431087
    ],
    "weights": [
      12.110418339594954,
      0.6122279673207954,
      0.016121214060123405,
      0.021044134416960417,
      -0.05918229178197756,
      -0.007268778440217123,
      -0.012328818706195281,
      -0.1105816635643939,
      -0.044551032190942114,
      -0.03977744765317966,
      0.008509253760088277,
      0.035285932078651744,
      -0.07949166641722585,
      0.014348117635031313,
      0.0015062164993677775,
      0.0723364673368056,
      0.0003050023595781438,
      -0.08779320597119716,
      -0.0349890121762757,
      0.1360706271238914,
      -0.029822834004836984,
      0.008567669914498553,
      0.08535756875552228,
      0.06999713680300446,
      0.031207657476665946,
      0.09142906413200884,
      -0.005064917134887062,
      -0.11038232692146324
    ],
    "perSizeMeans": {},
    "globalMean": 362148.12302839116
  },
  "metrics": {
    "rmse": 230706.57499515015,
    "mae": 105212.38743956949,
    "r2": 0.8041919279638752
  },
  "perSizeRmse": {
    "0": 15169.772522392535,
    "1": 491352.19839466596,
    "0.5": 68516.26530616055,
    "0.75": 189830.81476547185,
    "0.25": 33340.105296139394
  },
  "perSizeMae": {
    "0": 11817.295456316035,
    "1": 358417.63870239654,
    "0.5": 54215.72864314489,
    "0.75": 109741.47969721619,
    "0.25": 23645.082040927395
  },
  "baseline": {
    "model": {
      "version": 1,
      "modelType": "baseline",
      "features": [
        "boardSize",
        "firstIterationFalsePositiveSolutionCountAllMin",
        "firstIterationGuaranteedRequiredCellCountMax",
        "firstIterationGuaranteedRequiredCellCountStd",
        "firstIterationGuaranteedRequiredCellCountSum",
        "firstIterationGuaranteedUnusableCellCountAllMax",
        "firstIterationGuaranteedUnusableCellCountAllStd",
        "firstIterationGuaranteedUnusableCellCountAllSum",
        "firstIterationRequiredCellCountVsGoalAllMean",
        "firstIterationRequiredCellCountVsGoalAllMax",
        "firstIterationRequiredCellCountVsGoalAllStd",
        "firstIterationUnusableCellCountVsGoalAllMean",
        "firstIterationUnusableCellCountVsGoalAllMax",
        "firstIterationUnusableCellCountVsGoalAllStd",
        "firstIterationUnusableCellCountVsGoalAllSum",
        "firstIterationActionableCellAllCountMax",
        "firstIterationActionableCellAllCountStd",
        "firstIterationActionableCellAllCountSum",
        "goalSumAllMean",
        "goalSumAllStd",
        "cellCountLargerThanTargetAllSum",
        "deductionIterations",
        "percentUnresolvedCellsAfterDeduction",
        "percentUnresolvedCellsAfterDeductionI1",
        "percentUnresolvedCellsAfterDeductionI2",
        "autoCompleteWasAvailable",
        "gameDateAsPercent"
      ],
      "perSizeMeans": {
        "0": 48632.34920634921,
        "1": 1129339.2295081967,
        "0.5": 219062.74626865672,
        "0.75": 427737.5625,
        "0.25": 97933.55128205128
      },
      "globalMean": 362148.12302839116
    },
    "metrics": {
      "rmse": 345210.84468943655,
      "mae": 159126.54090834325,
      "r2": 0.5615909520444331
    },
    "perSizeRmse": {
      "0": 19346.691546840775,
      "1": 713873.8780161727,
      "0.5": 87649.043174762,
      "0.75": 354006.1690097096,
      "0.25": 41880.54500721506
    },
    "perSizeMae": {
      "0": 13987.024214130091,
      "1": 532684.4064695551,
      "0.5": 67487.13329578527,
      "0.75": 215772.39692982458,
      "0.25": 28070.11749182717
    }
  },
  "ridgeCandidates": [
    {
      "model": {
        "modelType": "ridge",
        "lambda": 10,
        "transform": "log1p"
      },
      "metrics": {
        "rmse": 230706.57499515015,
        "mae": 105212.38743956949,
        "r2": 0.8041919279638752
      }
    },
    {
      "model": {
        "modelType": "ridge",
        "lambda": 1,
        "transform": "log1p"
      },
      "metrics": {
        "rmse": 236829.27804063717,
        "mae": 106732.59632496108,
        "r2": 0.79366094853382
      }
    },
    {
      "model": {
        "modelType": "ridge",
        "lambda": 0.1,
        "transform": "log1p"
      },
      "metrics": {
        "rmse": 238512.20609353276,
        "mae": 107380.5547859514,
        "r2": 0.7907180050957828
      }
    },
    {
      "model": {
        "modelType": "ridge",
        "lambda": 0.01,
        "transform": "log1p"
      },
      "metrics": {
        "rmse": 238737.80629391002,
        "mae": 107474.43241087973,
        "r2": 0.7903219130901934
      }
    },
    {
      "model": {
        "modelType": "ridge",
        "lambda": 0.001,
        "transform": "log1p"
      },
      "metrics": {
        "rmse": 238761.3945757369,
        "mae": 107484.32593736403,
        "r2": 0.7902804769203327
      }
    },
    {
      "model": {
        "modelType": "ridge",
        "lambda": 0.0001,
        "transform": "log1p"
      },
      "metrics": {
        "rmse": 238763.76459717096,
        "mae": 107485.32079088267,
        "r2": 0.790276313414481
      }
    },
    {
      "model": {
        "modelType": "ridge",
        "lambda": 10,
        "transform": "none"
      },