{
  "selectedModel": {
    "version": 1,
    "modelType": "ridge",
    "features": [
      "boardSize",
      "firstIterationFalsePositiveSolutionCountAllMin",
      "firstIterationGuaranteedRequiredCellCountMax",
      "firstIterationGuaranteedRequiredCellCountStd",
      "firstIterationGuaranteedRequiredCellCountSum",
      "firstIterationGuaranteedUnusableCellCountAllMax",
      "firstIterationGuaranteedUnusableCellCountAllStd",
      "firstIterationGuaranteedUnusableCellCountAllSum",
      "firstIterationRequiredCellCountVsGoalAllMean",
      "firstIterationRequiredCellCountVsGoalAllStd",
      "firstIterationUnusableCellCountVsGoalAllMean",
      "firstIterationUnusableCellCountVsGoalAllStd",
      "firstIterationUnusableCellCountVsGoalAllSum",
      "firstIterationActionableCellAllCountMax",
      "firstIterationActionableCellAllCountStd",
      "firstIterationActionableCellAllCountSum",
      "goalSumAllMean",
      "goalSumAllStd",
      "cellCountLargerThanTargetAllSum",
      "deductionIterations",
      "percentUnresolvedCellsAfterDeduction",
      "percentUnresolvedCellsAfterDeductionI1",
      "percentUnresolvedCellsAfterDeductionI2",
      "gameDateAsPercent",
      "breaksMinutes"
    ],
    "lambda": 10,
    "transform": "log1p",
    "featureMeans": [
      0.4767267267267267,
      0.002146677927927928,
      0.4337849754516421,
      0.12354666458562427,
      0.5189618189618194,
      0.7136302969636316,
      0.21817016167156805,
      1.1435344074232956,
      0.056173250331042944,
      0.09727624308021489,
      0.30001034161023177,
      0.6050105617067162,
      5.942741019518102,
      0.8776216692883358,
      0.2705309678197939,
      1.6624962263851155,
      2.042170647121045,
      0.9919833668026701,
      0.5947129669351895,
      2.12012012012012,
      0.02919006969932895,
      0.2877421355595959,
      0.0992211386556625,
      0.6187218438101926,
      2.0963607341667063
    ],
    "featureStds": [
      0.34715545985870105,
      0.004089254581055474,
      0.28419262616378654,
      0.08325102326252837,
      0.454010863116087,
      0.17769912571725,
      0.07097965946248172,
      0.609695003568572,
      0.05503186361933045,
      0.0831253336962694,
      0.2463074282685948,
      0.46390985176526317,
      4.942667968049088,
      0.2018924981569173,
      0.08536281952061918,
      0.8724284709223155,
      0.4452949936769782,
      0.23317921119800208,
      0.4227901397672034,
      1.0240284272447655,
      0.1581919519452623,
      0.2914365594001612,
      0.22207335652109023,
      0.27556401322722907,
      10.997072757240758
    ],
    "weights": [
      12.107662682405415,
      0.6245957984568383,
      0.013431327678812263,
      0.02358265142906435,
      -0.050116818268581255,
      0.0004751289551378811,
      -0.007566321975819559,
      -0.10411829193139892,
      -0.04602823854716384,
      -0.03938824755516341,
      0.02706589793509011,
      -0.08374501208826242,
      0.013580019652470438,
      0.0822744002811336,
      0.0019189654449136575,
      -0.08521106118968395,
      -0.031919491725022314,
      0.12317443894573156,
      -0.02650574479566359,
      0.006192533939297109,
      0.082966140885734,
      0.08088437272617462,
      0.02528621225046849,
      0.08011309349722293,
      -0.10930424089866238,
      0.04392289750082244
    ],
    "perSizeMeans": {},
    "globalMean": 355722.8588588589
  },
  "metrics": {
    "rmse": 219254.65787756696,
    "mae": 100313.94028812661,
    "r2": 0.8158489421680704
  },
  "perSizeRmse": {
    "0": 14799.773779894624,
    "1": 467248.9579936767,
    "0.5": 64117.68765030246,
    "0.75": 187767.47513381598,
    "0.25": 30635.251936586777
  },
  "perSizeMae": {
    "0": 12050.329461336476,
    "1": 342012.4791558185,
    "0.5": 49957.18843495551,
    "0.75": 107750.258700556,
    "0.25": 22085.040446206032
  },
  "baseline": {
    "model": {
      "version": 1,
      "modelType": "baseline",
      "features": [
        "boardSize",
        "firstIterationFalsePositiveSolutionCountAllMin",
        "firstIterationGuaranteedRequiredCellCountMax",
        "firstIterationGuaranteedRequiredCellCountStd",
        "firstIterationGuaranteedRequiredCellCountSum",
        "firstIterationGuaranteedUnusableCellCountAllMax",
        "firstIterationGuaranteedUnusableCellCountAllStd",
        "firstIterationGuaranteedUnusableCellCountAllSum",
        "firstIterationRequiredCellCountVsGoalAllMean",
        "firstIterationRequiredCellCountVsGoalAllStd",
        "firstIterationUnusableCellCountVsGoalAllMean",
        "firstIterationUnusableCellCountVsGoalAllStd",
        "firstIterationUnusableCellCountVsGoalAllSum",
        "firstIterationActionableCellAllCountMax",
        "firstIterationActionableCellAllCountStd",
        "firstIterationActionableCellAllCountSum",
        "goalSumAllMean",
        "goalSumAllStd",
        "cellCountLargerThanTargetAllSum",
        "deductionIterations",
        "percentUnresolvedCellsAfterDeduction",
        "percentUnresolvedCellsAfterDeductionI1",
        "percentUnresolvedCellsAfterDeductionI2",
        "gameDateAsPercent",
        "breaksMinutes"
      ],
      "perSizeMeans": {
        "0": 48585.4,
        "1": 1113050.1904761905,
        "0.5": 214400.51388888888,
        "0.75": 413409.75471698114,
        "0.25": 97849.3125
      },
      "globalMean": 355722.8588588589
    },
    "metrics": {
      "rmse": 345585.12020097964,
      "mae": 157039.49776578735,
      "r2": 0.542504706106125
    },
    "perSizeRmse": {
      "0": 19487.482896819845,
      "1": 723519.680283636,
      "0.5": 86016.06401795777,
      "0.75": 339227.2950220939,
      "0.25": 40959.94772840383
    },
    "perSizeMae": {
      "0": 14089.063905325442,
      "1": 534316.248714597,
      "0.5": 65626.84521408884,
      "0.75": 203251.88236277385,
      "0.25": 27736.96640625
    }
  },
  "ridgeCandidates": [
    {
      "model": {
        "modelType": "ridge",
        "lambda": 10,
        "transform": "log1p"
      },
      "metrics": {
        "rmse": 219254.65787756696,
        "mae": 100313.94028812661,
        "r2": 0.8158489421680704
      }
    },
    {
      "model": {
        "modelType": "ridge",
        "lambda": 1,
        "transform": "log1p"
      },
      "metrics": {
        "rmse": 222977.6190185555,
        "mae": 100277.7083470607,
        "r2": 0.8095420486102936
      }
    },
    {
      "model": {
        "modelType": "ridge",
        "lambda": 0.1,
        "transform": "log1p"
      },
      "metrics": {
        "rmse": 223879.57171238435,
        "mae": 100509.86190788673,
        "r2": 0.8079981133982393
      }
    },
    {
      "model": {
        "modelType": "ridge",
        "lambda": 0.01,
        "transform": "log1p"
      },
      "metrics": {
        "rmse": 223976.11331450279,
        "mae": 100529.6450544582,
        "r2": 0.8078324871537854
      }
    },
    {
      "model": {
        "modelType": "ridge",
        "lambda": 0.001,
        "transform": "log1p"
      },
      "metrics": {
        "rmse": 223985.79330000991,
        "mae": 100531.54757679155,
        "r2": 0.8078158762848036
      }
    },
    {
      "model": {
        "modelType": "ridge",
        "lambda": 0.0001,
        "transform": "log1p"
      },
      "metrics": {
        "rmse": 223986.76147887434,
        "mae": 100531.73699690485,
        "r2": 0.8078142148489951
      }
    },
    {
      "model": {
        "modelType": "ridge",
        "lambda": 10,
        "transform": "none"
      },
      "metrics": {
        "rmse": 239231.23364101705,
        "mae": 114934.8977995052,
        "r2": 0.7807637722537111
      }
    },
    {
      "model": {
        "modelType": "ridge",
        "lambda": 1,
        "transform": "none"
      },
      "metrics": {
        "rmse": 239318.11519227203,
        "mae": 117725.05960120894,
        "r2": 0.7806045033988782
      }
    },
    {
      "model": {
        "modelType": "ridge",