{
  "selectedModel": {
    "version": 1,
    "modelType": "ridge",
    "features": [
      "boardSize",
      "firstIterationUnusableCellCountVsGoalAllSum",
      "deductionIterations",
      "percentUnresolvedCellsAfterDeduction",
      "percentUnresolvedCellsAfterDeductionI2",
      "gameDateAsPercent",
      "percentUnresolvedCellsAfterDeductionI4",
      "percentUnresolvedCellsAfterDeductionI5",
      "goalSumAllMean",
      "goalSumAllMax",
      "firstIterationActionableCellAllCountMin",
      "cellCountLargerThanTargetAllStd",
      "firstIterationUnusableCellCountVsGoalAllStd",
      "goalSumAllStd",
      "firstIterationGuaranteedRequiredCellCountMax",
      "firstIterationFalsePositiveSolutionCountAllMin",
      "firstIterationGuaranteedRequiredCellCountStd",
      "firstIterationUnusableCellCountVsGoalAllMax",
      "cellCountLargerThanTargetAllSum",
      "firstIterationRequiredCellCountVsGoalAllStd"
    ],
    "lambda": 10,
    "transform": "log1p",
    "featureMeans": [
      0.436612364243944,
      5.911867557551046,
      2.132553606237817,
      0.023207560224291865,
      0.09192921401829086,
      0.5979633623338948,
      0.009241210020937116,
      0.0012032825548095206,
      2.03893139024074,
      4.068907608527489,
      0.007732293697205979,
      0.16931165351043978,
      0.6096326554443776,
      0.9850067622905273,
      0.4328645688294813,
      0.0024518762183235866,
      0.12278963022606705,
      2.4638972167997975,
      0.5860469073919368,
      0.09864121091577423
    ],
    "featureStds": [
      0.3397068119715881,
      4.878676003441936,
      0.9882214267344044,
      0.13883060606698658,
      0.2064296775478458,
      0.2621590833008158,
      0.0741513675212559,
      0.02564244531248515,
      0.4310545742079119,
      0.8052858999833358,
      0.04228157599752741,
      0.07991454162156685,
      0.47316017232360597,
      0.2205265011376019,
      0.2795803940559654,
      0.004662581678980283,
      0.08141465597924037,
      1.975477986050938,
      0.4233668883556069,
      0.08640565314890258
    ],
    "weights": [
      12.047285616556795,
      0.7264248581283688,
      -0.07259065463285627,
      0.13014919884007767,
      0.12104099753012498,
      0.036246391259162965,
      -0.1174154642205506,
      -0.05369587561247461,
      0.0485145360046784,
      0.08557308625358821,
      -0.02129840891018129,
      0.0057478722989568465,
      -0.18093547610969185,
      0.03278984735354583,
      -0.003938106679170822,
      0.06093456937661831,
      0.05793238712487605,
      -0.08732954943837562,
      0.0471799002985015,
      -0.007009872028419313,
      -0.00044962715975735456
    ],
    "perSizeMeans": {},
    "globalMean": 325903.2202729045
  },
  "metrics": {
    "rmse": 169214.77070334717,
    "mae": 82236.76263032807,
    "r2": 0.8650781211399429
  },
  "perSizeRmse": {
    "0": 16253.710110765742,
    "1": 346623.18790048006,
    "0.42857142857142855": 79275.28508966172,
    "0.6964285714285714": 191556.9814856022,
    "0.19642857142857142": 31823.741794170906
  },
  "perSizeMae": {
    "0": 12618.4690912989,
    "1": 257714.74498760098,
    "0.42857142857142855": 51088.61598334895,
    "0.6964285714285714": 107701.7609842449,
    "0.19642857142857142": 22837.47256088525
  },
  "baseline": {
    "model": {
      "version": 1,
      "modelType": "baseline",
      "features": [
        "boardSize",
        "firstIterationUnusableCellCountVsGoalAllSum",
        "deductionIterations",
        "percentUnresolvedCellsAfterDeduction",
        "percentUnresolvedCellsAfterDeductionI2",
        "gameDateAsPercent",
        "percentUnresolvedCellsAfterDeductionI4",
        "percentUnresolvedCellsAfterDeductionI5",
        "goalSumAllMean",
        "goalSumAllMax",
        "firstIterationActionableCellAllCountMin",
        "cellCountLargerThanTargetAllStd",
        "firstIterationUnusableCellCountVsGoalAllStd",
        "goalSumAllStd",
        "firstIterationGuaranteedRequiredCellCountMax",
        "firstIterationFalsePositiveSolutionCountAllMin",
        "firstIterationGuaranteedRequiredCellCountStd",
        "firstIterationUnusableCellCountVsGoalAllMax",
        "cellCountLargerThanTargetAllSum",
        "firstIterationRequiredCellCountVsGoalAllStd"
      ],
      "perSizeMeans": {
        "0": 45830.26315789474,
        "1": 1044636.6477272727,
        "0.42857142857142855": 199490.55555555556,
        "0.6964285714285714": 405714.0681818182,
        "0.19642857142857142": 94905.752
      },
      "globalMean": 325903.2202729045
    },
    "metrics": {
      "rmse": 307427.08079453296,
      "mae": 140605.16847575907,
      "r2": 0.5546616628411611
    },
    "perSizeRmse": {
      "0": 19127.500474476743,
      "1": 667080.7738799518,
      "0.42857142857142855": 94323.31513504041,
      "0.6964285714285714": 302665.4458379365,
      "0.19642857142857142": 38738.62313071284
    },
    "perSizeMae": {
      "0": 13694.811080332402,
      "1": 492421.2520486554,
      "0.42857142857142855": 68563.5203829826,
      "0.6964285714285714": 182280.66807206883,
      "0.19642857142857142": 27469.94816
    }
  },
  "ridgeCandidates": [
    {
      "model": {
        "modelType": "ridge",
        "lambda": 10,
        "transform": "log1p"
      },
      "metrics": {
        "rmse": 169214.77070334717,
        "mae": 82236.76263032807,
        "r2": 0.8650781211399429
      }
    },
    {
      "model": {
        "modelType": "ridge",
        "lambda": 100,
        "transform": "log1p"
      },
      "metrics": {
        "rmse": 217802.806033773,
        "mae": 96059.3748770996,
        "r2": 0.7764715626544976
      }
    },
    {
      "model": {
        "modelType": "ridge",
        "lambda": 1,
        "transform": "log1p"
      },
      "metrics": {
        "rmse": 247339.63592098447,
        "mae": 90773.11648388211,
        "r2": 0.7117340973780621
      }
    },
    {
      "model": {
        "modelType": "ridge",
        "lambda": 0.1,
        "transform": "log1p"
      },
      "metrics": {
        "rmse": 301715.1233572535,
        "mae": 94046.18450875627,
        "r2": 0.571056590089611
      }
    },
    {
      "model": {
        "modelType": "ridge",
        "lambda": 0.01,
        "transform": "log1p"
      },
      "metrics": {
        "rmse": 309957.13962417236,
        "mae": 94519.68378318712,
        "r2": 0.5473014226754418
      }
    },
    {
      "model": {
        "modelType": "ridge",
        "lambda": 0.001,
        "transform": "log1p"
      },
      "metrics": {
        "rmse": 310824.1698638006,
        "mae": 94569.10758022264,
        "r2": 0.5447652505896778
      }
    },
    {
      "model": {
        "modelType": "ridge",
        "lambda": 0.0001,
        "transform": "log1p"
      },
      "metrics": {
        "rmse": 310911.3237832255,
        "mae": 94574.07175906128,
        "r2": 0.544509922600765
      }
    },
    {
      "model": {
        "modelType": "ridge",
        "lambda": 0.00001,
        "transform": "log1p"
      },
      "metrics": {
        "rmse": 310920.0437079183,
        "mae": 94574.56839605147,
        "r2": 0.5444843725833342
      }
    }
  ],
  "predictionForGame27": 14.679049293741542
}