{
  "selectedModel": {
    "version": 1,
    "modelType": "ridge",
    "features": [
      "boardSize",
      "firstIterationFalsePositiveSolutionCountAllMin",
      "firstIterationGuaranteedRequiredCellCountMax",
      "firstIterationGuaranteedUnusableCellCountAllMax",
      "firstIterationActionableCellCountStd",
      "deductionIterations",
      "unresolvedCellCountAfterDeduction",
      "percentUnresolvedCellsAfterDeduction"
    ],
    "lambda": 10,
    "transform": "log1p",
    "featureMeans": [
      7.022471910112359,
      0.5056179775280899,
      2.595505617977528,
      5.067415730337078,
      1.8334496166291825,
      2.168539325842697,
      1.4606741573033708,
      0.02002271466222777
    ],
    "featureStds": [
      1.4140350113260634,
      1.0069823147149697,
      1.7782651634504543,
      1.4518314881090422,
      0.47160447404459244,
      1.0624960547837372,
      9.773911824571588,
      0.1322487763379101
    ],
    "weights": [
      12.273457605325902,
      0.6506474239396717,
      0.1958101287296715,
      0.12859057000917112,
      0.09167795997088635,
      -0.12316358205367572,
      0.22332917095838303,
      0.07495662568333526,
      0.08322062148602008
    ],
    "perSizeMeans": {},
    "globalMean": 402483
  },
  "metrics": {
    "rmse": 209835.59938609877,
    "mae": 102356.30898267041,
    "r2": 0.8433602137102205
  },
  "perSizeRmse": {
    "5": 20882.91730216824,
    "6": 33306.06732632844,
    "7": 73943.3025664759,
    "8": 146294.32607728805,
    "9": 425815.568858488
  },
  "baseline": {
    "model": {
      "version": 1,
      "modelType": "baseline",
      "features": [
        "boardSize",
        "firstIterationFalsePositiveSolutionCountAllMin",
        "firstIterationGuaranteedRequiredCellCountMax",
        "firstIterationGuaranteedUnusableCellCountAllMax",
        "firstIterationActionableCellCountStd",
        "deductionIterations",
        "unresolvedCellCountAfterDeduction",
        "percentUnresolvedCellsAfterDeduction"
      ],
      "perSizeMeans": {
        "5": 55121.64705882353,
        "6": 101552,
        "7": 233473.47368421053,
        "8": 516859,
        "9": 1071065.4210526317
      },
      "globalMean": 402483
    },
    "metrics": {
      "rmse": 379994.3090912317,
      "mae": 185716.41477908785,
      "r2": 0.48631376598894516
    },
    "perSizeRmse": {
      "5": 20130.426995153364,
      "6": 35940.66074070149,
      "7": 101405.56464195429,
      "8": 516892.89294229675,
      "9": 662961.6184774576
    }
  },
  "ridgeCandidates": [
    {
      "model": {
        "modelType": "ridge",
        "lambda": 10,
        "transform": "log1p"
      },
      "metrics": {
        "rmse": 209835.59938609877,
        "mae": 102356.30898267041,
        "r2": 0.8433602137102205
      }
    },
    {
      "model": {
        "modelType": "ridge",
        "lambda": 10,
        "transform": "none"
      },
      "metrics": {
        "rmse": 245341.30776298163,
        "mae": 145341.25865497137,
        "r2": 0.7858662640171283
      }
    },
    {
      "model": {
        "modelType": "ridge",
        "lambda": 1,
        "transform": "none"
      },
      "metrics": {
        "rmse": 248881.24233572808,
        "mae": 151669.9999181946,
        "r2": 0.779642379370645
      }
    },
    {
      "model": {
        "modelType": "ridge",
        "lambda": 0.1,
        "transform": "none"
      },
      "metrics": {
        "rmse": 250400.3716178261,
        "mae": 152885.70545443284,
        "r2": 0.7769441177822161
      }
    },
    {
      "model": {
        "modelType": "ridge",
        "lambda": 1,
        "transform": "log1p"
      },
      "metrics": {
        "rmse": 250535.5063461797,
        "mae": 118540.06304558252,
        "r2": 0.7767032976152684
      }
    },
    {
      "model": {
        "modelType": "ridge",
        "lambda": 0.01,
        "transform": "none"
      },
      "metrics": {
        "rmse": 250653.1581153471,
        "mae": 153008.64327459355,
        "r2": 0.7764935275832795
      }
    },
    {
      "model": {
        "modelType": "ridge",
        "lambda": 0.001,
        "transform": "none"
      },
      "metrics": {
        "rmse": 250681.72257123835,
        "mae": 153023.35169721392,
        "r2": 0.7764425830462086
      }
    },
    {
      "model": {
        "modelType": "ridge",
        "lambda": 0.0001,
        "transform": "none"
      },
      "metrics": {
        "rmse": 250684.6205426831,
        "mae": 153025.56016346917,
        "r2": 0.7764374142070231
      }
    },
    {
      "model": {
        "modelType": "ridge",
        "lambda": 0.1,
        "transform": "log1p"
      },
      "metrics": {
        "rmse": 276899.8238486748,
        "mae": 125117.9349650118,
        "r2": 0.7272347120271112
      }
    },
    {
      "model": {
        "modelType": "ridge",
        "lambda": 0.01,
        "transform": "log1p"
      },
      "metrics": {
        "rmse": 280601.1351533135,
        "mae": 126116.92256428507,
        "r2": 0.7198938852709212
      }
    },
    {
      "model": {
        "modelType": "ridge",
        "lambda": 0.001,
        "transform": "log1p"
      },
      "metrics": {
        "rmse": 280988.15227178833,
        "mae": 126222.76070316465,
        "r2": 0.719120683691842
      }
    },
    {
      "model": {
        "modelType": "ridge",
        "lambda": 0.0001,
        "transform": "log1p"
      },
      "metrics": {
        "rmse": 281027.0383381747,
        "mae": 126233.41374806153,
        "r2": 0.7190429363034027
      }
    }
  ],
  "predictionForGame27": 50.81310355806009
}