{
  "version": 1,
  "modelType": "ridge",
  "features": [
    "boardSize",
    "firstIterationFalsePositiveSolutionCountAllMin",
    "firstIterationGuaranteedRequiredCellCountMax",
    "firstIterationGuaranteedRequiredCellCountStd",
    "firstIterationGuaranteedUnusableCellCountAllMax",
    "firstIterationGuaranteedUnusableCellCountAllStd",
    "firstIterationActionableCellCountGrpMin",
    "firstIterationActionableCellCountGrpMax",
    "firstIterationActionableCellAllCountMax",
    "firstIterationActionableCellAllCountStd",
    "percentUnresolvedCellsAfterDeduction"
  ],
  "lambda": 10,
  "transform": "log1p",
  "featureMeans": [
    7.05,
    0.6166666666666667,
    2.716666666666667,
    0.7513111620006843,
    4.891666666666667,
    1.4586328357201868,
    0.16666666666666666,
    4.583333333333333,
    5.925,
    1.782192643975755,
    0.036969521604938264
  ],
  "featureStds": [
    1.419213397155856,
    1.1415145884111844,
    1.8036228972697033,
    0.4905700372415886,
    1.5044147994781514,
    0.4742989717903732,
    0.4533823502911816,
    2.0354497182577496,
    1.51196615923329,
    0.48491937753509745,
    0.1774509816271785
  ],
  "weights": [
    12.332886122196898,
    0.6785486410061047,
    0.24572262512895227,
    -0.017620895421693015,
    -0.016729734330238586,
    0.11774590224218409,
    -0.2021237293367262,
    -0.05977194065400365,
    -0.03866272744019319,
    0.18995505022921047,
    -0.16306960208090956,
    0.05450207965689552
  ],
  "perSizeMeans": {},
  "globalMean": 439000.6666666667
}